horas_estudio,asistencia,promedio,materias_reprobadas,riesgo_abandono
15.3,76.1,6.8,6,1
6.3,61.9,7.2,0,1
18.6,89.7,5.7,4,1
7.9,97.0,8.8,4,0
1.2,71.0,5.3,6,1
26.3,84.8,5.1,0,0
29.6,64.7,9.8,0,0
20.6,55.0,7.6,3,1
19.7,53.6,9.3,5,1
20.2,96.4,9.7,3,0
5.1,84.9,6.4,2,0
27.8,81.4,7.5,2,0
25.2,69.3,7.9,2,1
11.4,85.1,9.8,5,0
24.7,64.1,5.4,1,0
12.2,51.2,9.6,5,1
3.6,96.8,5.1,6,1
5.2,82.9,7.8,0,0
10.6,68.8,7.3,0,1
3.2,68.0,6.1,6,1
7.6,97.7,9.2,2,0
9.8,66.3,6.5,5,1
2.5,68.7,7.6,5,1
17.3,68.0,5.9,6,1
16.7,87.0,6.9,5,0
12.3,80.8,5.6,6,1
10.0,78.9,7.9,4,0
24.3,85.1,9.3,2,0
13.4,86.9,7.3,5,1
4.5,50.7,10.0,2,0
21.5,58.0,5.5,4,1
13.5,82.5,8.4,4,0
27.7,77.8,7.5,2,0
22.1,75.1,10.0,0,0
27.3,75.2,7.6,2,0
27.3,86.3,8.4,4,0
10.4,52.0,9.7,4,1
21.4,85.2,6.2,6,1
3.6,97.1,6.8,3,0
23.4,89.9,5.4,0,0
4.4,89.8,7.6,1,0
27.0,71.4,5.9,6,1
20.8,82.3,8.5,3,0
14.2,63.3,5.3,0,0
10.2,83.0,9.8,3,0
11.1,96.5,7.4,3,0
2.3,81.6,5.6,6,1
9.4,92.5,8.8,2,1
9.7,71.7,8.4,3,1
22.2,73.3,5.2,0,0
19.4,91.8,5.2,0,0
7.6,84.2,8.1,1,0
5.5,50.5,9.5,5,1
24.7,77.7,7.1,5,0
6.4,58.7,9.1,5,1
24.6,95.7,9.5,1,0
28.9,74.6,9.8,3,0
1.7,81.1,9.9,6,1
15.9,54.7,7.0,0,1
16.2,88.5,7.9,5,0
18.1,53.5,6.7,0,1
13.4,60.8,5.4,1,1
5.9,75.1,8.8,0,0
25.1,82.6,9.8,1,0
24.4,86.1,8.5,0,0
16.6,62.5,5.8,5,1
2.0,95.7,6.9,5,1
8.0,90.3,5.8,6,1
4.5,51.5,7.3,0,1
16.0,92.8,9.2,3,0
23.5,69.3,7.8,5,1
26.0,80.6,6.4,5,1
19.4,72.9,5.7,1,0
15.4,97.7,9.9,6,1
26.9,57.8,9.9,4,0
24.4,98.1,9.3,4,0
6.8,98.7,7.2,6,0
29.2,54.9,5.6,1,0
1.9,52.6,8.5,3,1
5.7,53.9,7.1,4,1
22.2,58.1,7.5,3,0
3.1,82.5,7.8,6,1
10.0,71.4,9.9,6,1
17.1,58.9,5.6,1,1
27.0,70.6,8.2,3,0
10.4,51.8,9.5,3,1
19.3,82.2,6.1,5,0
9.8,64.0,5.4,2,1
3.7,99.5,5.7,1,1
8.9,99.5,8.2,3,0
9.5,54.7,5.5,0,1
8.3,73.7,8.0,3,1
19.5,76.6,7.7,2,0
28.5,74.6,5.5,3,0
29.1,84.6,9.8,3,0
10.8,67.0,9.5,1,0
22.1,78.8,8.1,3,0
2.7,55.1,6.9,4,1
15.9,69.7,9.4,5,0
24.4,77.5,8.0,5,0
5.5,80.3,6.6,4,1
2.9,78.8,8.1,1,1
15.4,58.7,6.1,2,1
2.1,80.8,6.8,5,1
3.2,63.5,8.6,2,1
9.3,69.9,8.1,6,1
1.6,77.4,6.6,0,1
25.0,57.0,8.7,4,1
28.0,51.3,9.7,5,1
18.7,81.8,5.6,5,1
10.3,98.1,7.0,3,0
11.9,82.1,5.5,4,1
26.7,87.5,6.0,4,0
15.2,58.1,7.8,1,0
23.4,90.5,5.1,6,1
4.2,64.0,9.2,5,1
9.1,93.9,9.8,1,0
8.5,50.8,9.1,1,1
16.5,77.3,5.1,5,1
18.2,94.6,6.8,2,0
4.5,97.0,5.4,6,1
7.6,89.8,9.7,1,0
8.0,82.1,7.0,2,0
20.5,51.3,5.7,1,1
23.8,62.2,7.7,5,0
11.6,68.4,7.5,6,1
8.5,86.8,8.2,0,0
15.6,52.3,8.4,0,1
19.1,66.9,8.5,3,1
13.8,58.9,5.4,6,1
2.2,59.8,9.5,3,1
16.1,98.3,8.8,5,0
23.4,56.4,7.3,3,1
29.6,53.5,9.4,6,1
27.4,68.5,6.9,5,1
11.5,73.7,7.3,5,1
18.4,94.9,9.1,1,0
8.2,98.8,5.8,5,1
26.9,65.8,9.5,2,0
10.8,55.8,7.8,2,1
10.9,55.9,7.3,3,1
28.2,90.7,7.5,2,0
20.1,90.2,6.2,5,1
6.4,92.7,5.4,4,1
26.0,94.5,8.1,5,0
29.0,59.8,5.4,0,0
26.1,83.2,5.1,5,0
9.4,71.9,8.1,2,0
21.7,51.9,8.1,4,1
2.8,54.7,8.1,0,1
21.0,92.2,5.7,4,0
4.3,84.8,9.9,4,1
14.7,79.5,9.5,2,0
18.4,50.3,9.5,0,0
7.2,61.2,7.9,5,1
10.4,54.9,5.6,2,1
1.5,50.9,8.9,6,1
7.4,87.9,10.0,6,0
16.2,87.3,6.6,1,0
1.2,93.4,5.2,3,1
6.1,65.9,9.7,5,1
28.3,52.3,8.8,6,0
6.4,95.3,7.2,0,1
26.4,93.9,6.6,2,0
11.3,75.9,7.9,1,1
18.3,58.5,5.6,6,1
22.9,66.1,9.1,1,0
29.1,64.7,8.9,1,0
22.1,92.9,8.3,0,0
2.3,78.5,5.3,5,1
16.9,98.2,6.9,1,0
26.7,64.3,9.8,1,0
5.0,78.4,8.9,1,0
6.7,84.8,7.3,6,1
11.7,69.4,8.5,4,0
27.1,68.6,5.9,1,1
15.8,62.4,9.3,6,0
3.8,51.2,9.1,4,1
23.1,79.3,5.1,2,0
19.4,88.8,6.7,4,0
28.6,54.2,9.5,1,0
28.2,92.6,7.1,2,0
9.1,81.3,8.9,5,1
13.1,67.8,9.1,0,0
7.9,92.8,9.3,5,0
15.7,81.9,9.1,0,0
4.1,54.3,9.9,0,1
24.3,70.4,6.9,4,1
19.5,77.1,6.4,3,1
21.5,75.6,7.6,6,1
27.0,85.7,6.9,6,0
23.6,87.7,5.2,0,0
18.7,82.9,9.0,0,0
16.4,87.5,5.6,4,1
6.8,90.5,9.8,4,0
12.9,75.8,9.6,3,0
6.3,85.6,8.2,1,0
23.1,91.1,6.4,1,0
5.0,64.1,6.3,6,1
10.1,77.0,6.5,1,0
