grado,grupo,especialidad,horas_semana_totales,asistencia_semanal,promedio,materias_reprobadas,riesgo_abandono
10,A,redes,25,32.6,3.6,4,1
4,A,general,35,82.7,8.5,0,0
7,B,general,35,69.7,5.8,1,1
4,C,general,35,79.3,7.6,0,0
1,B,general,35,40.8,4.0,2,1
10,A,software,25,89.5,9.6,0,0
1,D,general,35,42.7,3.2,2,1
1,C,general,35,92.6,8.6,0,0
4,A,general,35,89.3,9.3,0,0
4,B,general,35,44.3,3.1,3,1
10,A,redes,25,84.9,8.3,0,0
4,B,general,35,94.5,9.0,0,0
4,A,general,35,46.0,3.7,3,1
1,B,general,35,90.4,8.2,0,0
10,A,redes,25,93.5,8.1,1,0
4,A,general,35,93.2,8.9,0,0
7,A,general,35,33.8,6.5,5,1
10,A,redes,25,84.4,8.3,0,0
1,B,general,35,34.3,4.8,4,1
1,A,general,35,84.8,8.8,0,0
4,C,general,35,98.6,9.2,0,0
1,B,general,35,82.0,5.8,2,1
7,C,general,35,81.2,8.3,0,0
1,B,general,35,90.7,8.0,0,0
10,A,software,25,19.6,5.0,1,1
10,A,software,25,82.8,8.8,0,0
1,D,general,35,81.5,9.3,0,0
4,B,general,35,91.2,9.1,0,0
10,B,software,25,30.4,5.2,3,1
1,A,general,35,21.2,6.5,2,1
7,C,general,35,83.5,7.2,0,0
1,B,general,35,91.0,9.2,0,0
1,D,general,35,80.1,8.3,0,0
7,C,general,35,35.7,4.6,3,1
10,B,software,25,78.0,7.4,0,0
4,A,general,35,87.4,7.5,0,0
1,C,general,35,81.6,8.0,0,0
10,A,software,25,27.3,4.4,2,1
4,A,general,35,33.4,4.7,2,1
1,D,general,35,15.6,3.9,1,1
1,D,general,35,89.5,9.3,0,0
7,A,general,35,83.6,8.7,0,0
10,A,software,25,85.5,8.7,0,0
1,B,general,35,46.8,5.2,1,1
7,B,general,35,81.4,9.1,0,0
1,A,general,35,75.0,9.3,0,0
7,A,general,35,82.2,8.6,0,0
4,B,general,35,24.8,6.5,3,1
4,B,general,35,88.3,8.6,0,0
7,B,general,35,69.1,6.4,1,0
10,A,redes,25,86.9,7.6,0,0
1,B,general,35,52.7,4.9,3,1
7,C,general,35,55.2,6.5,3,1
4,C,general,35,83.1,8.9,0,0
1,A,general,35,91.9,7.5,0,0
4,C,general,35,90.0,7.4,0,0
1,D,general,35,91.8,8.8,0,0
7,B,general,35,55.2,6.4,1,1
1,A,general,35,29.3,5.3,5,1
4,B,general,35,91.3,8.0,0,0
1,B,general,35,96.2,8.7,0,0
7,B,general,35,91.0,7.6,0,0
1,C,general,35,90.2,7.7,0,0
4,C,general,35,92.1,9.4,0,0
7,B,general,35,88.2,9.0,0,0
7,C,general,35,62.0,7.6,0,0
7,B,general,35,80.4,7.8,0,0
10,B,software,25,84.4,9.3,0,0
1,D,general,35,38.7,4.8,2,1
7,C,general,35,78.8,8.5,1,0
1,B,general,35,84.3,9.2,1,0
4,C,general,35,89.5,8.6,0,0
1,A,general,35,65.8,7.3,1,0
7,B,general,35,86.2,9.1,0,0
4,A,general,35,50.1,3.7,1,1
1,A,general,35,83.5,9.2,0,0
4,A,general,35,85.8,8.6,0,0
4,C,general,35,98.9,9.0,0,0
1,A,general,35,60.8,6.7,1,1
10,B,software,25,90.0,9.6,0,0
10,A,software,25,77.4,7.6,1,0
10,A,redes,25,18.8,5.4,2,1
7,B,general,35,92.5,8.4,0,0
10,B,software,25,76.9,6.7,0,0
4,C,general,35,89.7,7.8,0,0
7,B,general,35,18.0,3.6,1,1
1,B,general,35,79.9,7.9,0,0
4,B,general,35,93.9,8.2,0,0
4,B,general,35,87.9,8.9,0,0
10,A,redes,25,87.1,7.9,0,0
1,C,general,35,82.3,7.9,0,0
1,C,general,35,21.7,5.6,3,1
1,A,general,35,82.9,8.5,0,0
7,A,general,35,69.1,6.2,1,0
7,B,general,35,77.0,8.5,0,0
1,B,general,35,86.1,9.9,0,0
10,A,redes,25,78.1,8.5,0,0
4,C,general,35,86.2,9.8,0,0
4,B,general,35,55.5,3.5,4,1
1,C,general,35,30.6,6.5,3,1
10,A,software,25,67.1,7.4,1,0
1,C,general,35,38.0,3.8,3,1
1,A,general,35,55.0,7.0,2,1
1,C,general,35,64.3,6.9,1,1
1,C,general,35,89.5,7.6,0,0
4,C,general,35,69.3,5.9,2,1
10,A,redes,25,90.7,10.0,0,0
1,B,general,35,88.4,9.3,0,0
7,C,general,35,87.5,7.4,1,0
1,D,general,35,88.2,8.2,0,0
1,B,general,35,57.6,3.3,5,1
10,A,software,25,56.0,6.5,1,1
1,B,general,35,37.7,5.3,4,1
7,A,general,35,86.1,7.9,0,0
4,C,general,35,100.0,9.5,0,0
7,A,general,35,84.1,7.9,0,0
1,C,general,35,91.1,9.5,0,0
1,B,general,35,58.9,6.5,1,1
4,A,general,35,87.8,8.8,0,0
10,B,software,25,82.6,9.7,0,0
4,C,general,35,85.4,7.8,0,0
4,C,general,35,86.8,9.6,0,0
10,A,redes,25,95.5,8.5,0,0
1,C,general,35,84.9,9.5,0,0
4,A,general,35,83.9,9.9,0,0
10,A,software,25,91.5,10.0,0,0
7,A,general,35,49.5,5.2,4,1
7,A,general,35,91.3,8.0,0,0
4,A,general,35,58.4,6.1,3,1
10,A,redes,25,41.2,5.6,3,1
4,C,general,35,64.8,7.5,1,0
1,A,general,35,29.4,6.5,1,1
10,B,software,25,90.2,8.2,0,0
4,B,general,35,73.9,6.8,1,0
7,B,general,35,85.7,8.0,0,0
4,B,general,35,81.6,8.3,0,0
7,A,general,35,74.2,6.4,1,0
10,B,software,25,59.8,6.2,0,1
7,B,general,35,24.0,6.5,2,1
4,A,general,35,75.9,7.7,1,0
4,B,general,35,36.9,6.5,2,1
4,C,general,35,67.4,6.4,1,0
4,C,general,35,37.4,6.0,1,1
1,D,general,35,27.0,5.2,2,1
10,A,redes,25,78.7,7.1,0,0
7,B,general,35,42.2,6.5,2,1
7,A,general,35,99.0,7.0,0,0
4,C,general,35,75.3,5.8,2,1
4,A,general,35,86.4,8.6,0,0
10,A,redes,25,36.1,4.1,3,1
1,C,general,35,86.9,10.0,1,0
1,C,general,35,65.5,6.6,0,0
1,D,general,35,81.2,8.6,0,0
4,A,general,35,86.3,9.3,0,0
1,A,general,35,80.7,10.0,0,0
4,A,general,35,82.0,6.9,0,0
7,C,general,35,96.4,9.4,0,0
4,C,general,35,65.6,7.0,1,0
10,A,redes,25,85.3,9.0,0,0
4,C,general,35,78.8,9.5,0,0
4,C,general,35,48.0,6.5,3,1
4,B,general,35,67.9,6.6,2,1
1,C,general,35,40.4,5.6,4,1
4,A,general,35,49.2,3.9,1,1
1,A,general,35,34.3,4.5,2,1
1,A,general,35,57.9,4.7,1,1
1,B,general,35,94.9,9.1,0,0
10,B,software,25,92.2,9.2,0,0
10,A,redes,25,23.8,3.9,4,1
1,B,general,35,27.7,5.4,3,1
1,A,general,35,18.4,5.7,4,1
1,D,general,35,91.9,8.2,0,0
10,A,software,25,61.0,6.9,0,0
10,A,redes,25,54.7,3.6,4,1
7,B,general,35,94.7,9.3,0,0
4,B,general,35,96.3,9.0,0,0
7,A,general,35,94.8,8.4,0,0
10,A,software,25,88.3,8.3,0,0
10,B,software,25,96.6,8.8,1,0
1,B,general,35,38.5,4.1,3,1
7,B,general,35,73.3,7.2,1,0
10,A,redes,25,85.4,7.6,0,0
10,A,software,25,91.6,8.4,0,0
1,B,general,35,20.0,4.6,3,1
1,A,general,35,85.9,7.9,0,0
4,A,general,35,100.0,7.8,0,0
7,A,general,35,92.6,9.5,0,0
10,B,software,25,68.0,5.9,0,1
4,A,general,35,94.4,9.4,0,0
4,A,general,35,92.7,8.9,0,0
4,C,general,35,92.3,9.0,0,0
4,B,general,35,84.4,9.8,0,0
1,C,general,35,99.3,7.7,0,0
4,B,general,35,89.8,8.1,0,0
4,A,general,35,87.8,9.4,0,0
10,B,software,25,91.6,7.6,0,0
4,A,general,35,80.5,9.7,0,0
1,A,general,35,87.3,8.3,0,0
10,A,redes,25,85.8,8.7,0,0
4,C,general,35,87.0,8.1,0,0
7,A,general,35,87.6,7.9,0,0
10,A,redes,25,89.7,7.3,1,0
10,B,software,25,68.4,7.8,0,0
1,B,general,35,81.0,7.4,0,0
4,B,general,35,89.8,8.0,1,0
7,B,general,35,86.8,7.3,0,0
4,A,general,35,70.0,6.9,0,0
1,D,general,35,90.1,9.0,0,0
4,B,general,35,59.4,7.8,1,1
1,B,general,35,88.7,8.9,0,0
7,B,general,35,80.8,9.2,0,0
7,C,general,35,92.4,8.1,1,0
10,B,software,25,90.0,8.6,0,0
1,A,general,35,77.7,7.2,0,0
1,D,general,35,92.8,7.4,0,0
10,A,software,25,43.9,6.3,2,1
1,D,general,35,29.4,4.9,4,1
4,B,general,35,17.7,5.5,5,1
1,D,general,35,62.6,6.5,0,1
1,B,general,35,90.5,8.0,0,0
10,A,software,25,92.1,7.6,0,0
1,B,general,35,40.0,4.5,3,1
7,A,general,35,83.4,8.8,0,0
1,B,general,35,55.5,5.9,1,1
7,C,general,35,23.9,3.1,3,1
4,C,general,35,87.3,8.7,0,0
1,D,general,35,97.7,8.0,0,0
1,A,general,35,63.5,7.8,1,0
7,B,general,35,71.6,7.3,0,0
7,B,general,35,92.8,7.1,0,0
1,B,general,35,73.2,7.8,1,0
10,A,software,25,100.0,7.9,0,0
1,C,general,35,53.9,3.9,4,1
10,A,redes,25,63.0,6.6,1,0
7,C,general,35,90.1,9.0,0,0
1,A,general,35,89.6,9.1,0,0
1,A,general,35,81.3,8.8,0,0
10,A,redes,25,91.2,9.2,0,0
4,B,general,35,83.4,8.7,0,0
7,B,general,35,66.9,6.4,1,0
7,A,general,35,75.5,6.3,1,0
7,C,general,35,85.5,8.5,0,0
4,C,general,35,19.4,6.5,3,1
1,A,general,35,53.7,5.0,3,1
1,B,general,35,76.1,6.8,1,0
1,C,general,35,75.0,9.0,0,0
10,A,software,25,55.5,7.0,1,1
4,A,general,35,44.3,5.7,1,1
1,B,general,35,21.8,4.4,3,1
1,D,general,35,68.3,6.4,1,1
4,B,general,35,86.8,7.6,0,0
4,B,general,35,72.1,6.2,0,0
1,A,general,35,83.3,9.1,1,0
7,C,general,35,41.2,5.8,3,1
7,A,general,35,88.9,8.6,0,0
1,C,general,35,15.2,3.8,3,1
4,C,general,35,84.8,9.1,0,0
10,A,software,25,88.9,7.7,0,0
10,B,software,25,72.8,6.6,2,1
7,B,general,35,94.0,9.0,1,0
7,B,general,35,87.2,7.0,0,0
1,A,general,35,68.4,7.6,1,0
4,B,general,35,86.3,7.8,0,0
1,D,general,35,37.3,5.3,3,1
10,A,redes,25,55.9,4.7,2,1
10,A,software,25,94.0,8.9,0,0
1,C,general,35,78.9,9.6,0,0
7,B,general,35,89.6,9.9,0,0
7,C,general,35,75.0,7.4,1,0
4,C,general,35,89.7,8.7,0,0
10,A,redes,25,94.3,9.8,0,0
10,B,software,25,63.1,7.2,0,0
10,B,software,25,82.0,8.2,0,0
7,C,general,35,88.0,7.2,0,0
10,A,software,25,91.9,7.3,0,0
10,A,redes,25,55.0,6.8,1,1
1,C,general,35,88.4,7.9,0,0
1,C,general,35,52.4,3.8,5,1
10,A,software,25,87.6,8.9,0,0
10,B,software,25,99.2,8.8,0,0
1,D,general,35,87.8,8.7,0,0
10,B,software,25,79.8,8.3,0,0
4,C,general,35,40.3,4.0,3,1
10,A,redes,25,80.8,8.6,0,0
10,B,software,25,59.6,7.1,1,1
1,C,general,35,35.3,5.1,2,1
1,C,general,35,99.3,9.6,0,0
10,A,redes,25,69.7,6.2,1,0
1,A,general,35,51.4,4.4,3,1
1,D,general,35,81.8,6.8,1,0
10,A,software,25,83.0,8.0,0,0
1,A,general,35,66.5,6.4,0,1
1,A,general,35,76.5,8.5,0,0
7,C,general,35,29.1,4.0,4,1
1,D,general,35,94.3,10.0,0,0
7,C,general,35,32.0,6.1,5,1
7,A,general,35,25.7,5.4,4,1
4,A,general,35,100.0,8.4,0,0
4,B,general,35,100.0,7.4,0,0
10,B,software,25,34.5,3.7,2,1
4,B,general,35,96.8,7.2,0,0
1,D,general,35,67.4,6.8,1,1
1,C,general,35,21.3,6.5,4,1
10,A,software,25,52.6,6.5,4,1
4,B,general,35,87.4,9.0,0,0
1,C,general,35,58.3,5.8,2,1
7,C,general,35,59.2,5.5,2,1
1,D,general,35,64.1,6.0,1,1
1,B,general,35,100.0,9.3,0,0
7,C,general,35,46.8,3.7,5,1
4,A,general,35,89.7,7.9,0,0
4,B,general,35,91.8,8.4,0,0
1,A,general,35,86.2,9.2,0,0
7,A,general,35,100.0,9.3,0,0
4,B,general,35,61.1,5.8,1,1
7,A,general,35,96.6,8.4,0,0
10,A,redes,25,92.0,9.7,0,0
1,D,general,35,59.8,6.2,2,1
7,A,general,35,94.3,7.8,1,0
10,B,software,25,86.9,8.0,0,0
4,C,general,35,31.6,4.6,3,1
1,B,general,35,97.2,8.8,0,0
1,D,general,35,90.5,7.0,0,0
4,C,general,35,87.9,9.0,0,0
7,B,general,35,82.0,7.9,0,0
7,A,general,35,65.8,6.2,1,0
10,A,software,25,85.0,9.9,0,0
7,A,general,35,55.0,6.9,1,1
1,A,general,35,90.3,8.0,0,0
1,A,general,35,61.8,6.9,1,1
7,A,general,35,81.8,8.5,0,0
10,A,redes,25,97.5,9.3,0,0
7,C,general,35,90.4,8.4,0,0
1,A,general,35,85.6,8.5,0,0
1,A,general,35,93.2,9.0,0,0
10,A,redes,25,67.0,6.0,1,1
10,B,software,25,83.1,9.7,0,0
1,A,general,35,89.9,7.9,0,0
7,A,general,35,69.0,6.8,1,0
7,A,general,35,93.9,9.0,0,0
4,C,general,35,88.9,8.3,0,0
4,B,general,35,69.3,6.6,0,0
7,B,general,35,83.5,8.0,0,0
4,B,general,35,39.9,4.0,3,1
7,A,general,35,85.6,8.7,0,0
4,A,general,35,83.9,8.2,1,0
1,A,general,35,85.4,8.3,0,0
10,A,redes,25,31.7,4.9,4,1
4,B,general,35,82.1,8.3,0,0
1,B,general,35,82.9,10.0,0,0
4,A,general,35,86.5,7.2,0,0
1,A,general,35,72.6,6.3,1,0
1,D,general,35,32.9,5.5,3,1
4,A,general,35,80.2,9.4,0,0
10,A,redes,25,84.5,7.8,0,0
1,D,general,35,44.6,5.7,3,1
10,A,software,25,77.4,8.5,1,0
7,B,general,35,65.7,5.8,1,1
1,D,general,35,93.3,7.7,0,0
10,A,software,25,85.0,9.1,0,0
10,B,software,25,78.8,9.4,0,0
10,A,redes,25,26.2,5.4,3,1
10,B,software,25,69.2,7.8,0,0
1,B,general,35,48.1,4.2,2,1
7,A,general,35,23.3,6.5,1,1
1,D,general,35,78.9,7.9,0,0
7,A,general,35,60.2,7.8,1,0
1,D,general,35,100.0,9.0,0,0
4,C,general,35,89.1,7.9,0,0
1,D,general,35,70.3,6.2,1,0
7,B,general,35,85.2,8.1,0,0
7,A,general,35,95.1,10.0,0,0
7,B,general,35,33.3,5.3,4,1
1,D,general,35,89.7,8.3,0,0
10,B,software,25,98.5,7.9,0,0
7,B,general,35,69.6,7.1,0,0
4,A,general,35,81.8,8.1,0,0
10,A,software,25,85.0,8.7,0,0
10,B,software,25,86.2,8.5,0,0
1,C,general,35,84.8,7.9,0,0
7,C,general,35,89.0,8.5,0,0
1,B,general,35,87.9,9.3,0,0
10,A,software,25,90.5,9.6,0,0
10,A,redes,25,90.8,7.6,0,0
1,C,general,35,84.0,9.0,0,0
7,C,general,35,100.0,9.1,1,0
10,B,software,25,93.6,8.0,0,0
10,A,redes,25,58.9,6.5,1,1
4,A,general,35,99.3,7.5,0,0
7,A,general,35,52.0,4.3,1,1
7,B,general,35,89.8,9.2,0,0
7,B,general,35,78.0,7.0,2,1
7,C,general,35,68.1,6.7,1,0
1,A,general,35,49.9,5.9,1,1
10,B,software,25,71.9,6.7,0,0
1,A,general,35,89.0,7.5,0,0
1,C,general,35,81.2,8.3,0,0
4,B,general,35,65.9,7.8,2,1
4,C,general,35,61.8,5.8,1,1
10,A,software,25,90.9,7.5,0,0
7,C,general,35,89.2,8.6,0,0
7,A,general,35,85.0,9.3,0,0
1,B,general,35,75.0,7.7,0,0
1,C,general,35,74.2,6.2,1,0
7,B,general,35,91.0,8.5,0,0
10,A,redes,25,72.4,6.0,1,0
7,B,general,35,21.7,5.5,3,1
4,B,general,35,39.3,6.1,4,1
10,A,software,25,98.3,9.0,0,0
4,B,general,35,42.7,5.0,2,1
1,D,general,35,100.0,7.6,1,0
4,B,general,35,68.4,6.9,2,1
10,B,software,25,92.2,9.0,0,0
7,A,general,35,75.6,7.3,1,0
10,B,software,25,92.2,9.1,0,0
1,A,general,35,71.0,7.5,1,0
1,C,general,35,85.4,8.9,0,0
7,B,general,35,55.4,6.6,2,1
4,C,general,35,70.1,6.4,1,0
1,D,general,35,71.5,7.4,1,0
7,A,general,35,90.6,9.2,0,0
10,B,software,25,93.3,8.4,0,0
1,C,general,35,81.2,8.4,0,0
10,A,redes,25,75.0,8.3,0,0
10,A,software,25,56.0,6.9,1,1
7,B,general,35,91.0,7.6,0,0
10,B,software,25,89.8,8.9,0,0
1,C,general,35,31.3,4.9,3,1
10,A,redes,25,22.0,5.0,2,1
4,C,general,35,88.5,8.8,0,0
4,C,general,35,70.8,6.4,1,0
7,C,general,35,92.1,7.2,1,0
1,C,general,35,71.7,7.8,1,0
10,A,software,25,85.0,9.7,0,0
1,B,general,35,89.0,9.0,0,0
1,C,general,35,94.6,8.0,0,0
4,A,general,35,34.4,5.8,4,1
7,A,general,35,100.0,8.4,0,0
7,C,general,35,84.5,9.8,0,0
1,B,general,35,94.4,7.1,0,0
7,A,general,35,85.4,8.5,0,0
4,C,general,35,77.0,6.5,1,0
4,B,general,35,91.3,8.6,0,0
4,B,general,35,80.7,9.0,0,0
4,B,general,35,81.8,7.6,0,0
7,B,general,35,83.0,7.0,0,0
1,C,general,35,85.6,9.3,0,0
1,D,general,35,64.9,7.8,1,0
4,A,general,35,69.9,6.5,1,0
7,B,general,35,83.1,8.5,0,0
4,C,general,35,92.0,8.3,0,0
4,A,general,35,72.5,6.4,2,1
7,B,general,35,32.3,3.7,1,1
10,A,software,25,91.4,7.9,0,0
7,C,general,35,63.1,6.0,2,1
10,A,software,25,87.6,7.9,0,0
7,C,general,35,74.2,6.3,2,1
10,B,software,25,49.8,4.1,4,1
7,C,general,35,71.1,6.8,0,0
1,C,general,35,23.2,4.3,1,1
7,B,general,35,76.2,5.8,0,1
10,A,software,25,94.3,9.3,0,0
7,C,general,35,82.0,6.2,2,1
4,A,general,35,63.5,7.1,2,1
4,C,general,35,70.8,6.4,1,0
1,B,general,35,100.0,9.0,0,0
4,A,general,35,87.7,10.0,0,0
1,C,general,35,82.0,9.3,0,0
10,B,software,25,59.9,3.8,1,1
7,C,general,35,18.4,5.3,2,1
1,D,general,35,50.4,5.8,1,1
10,B,software,25,90.3,9.4,0,0
7,B,general,35,87.1,8.6,0,0
10,A,redes,25,29.1,6.5,5,1
1,C,general,35,90.4,7.5,1,0
7,C,general,35,89.1,8.0,0,0
7,A,general,35,40.7,1.8,2,1
10,A,redes,25,16.8,3.9,2,1
4,B,general,35,90.5,8.3,1,0
4,B,general,35,25.3,5.6,3,1
1,B,general,35,85.2,9.4,0,0
7,B,general,35,62.3,6.7,0,0
10,B,software,25,100.0,8.8,0,0
1,C,general,35,85.4,9.8,0,0
1,D,general,35,85.2,7.7,0,0
10,A,software,25,94.7,10.0,0,0
10,A,redes,25,99.4,9.8,0,0
10,A,software,25,90.0,9.8,0,0
10,A,software,25,61.5,6.4,1,0
7,A,general,35,86.4,8.1,0,0
4,C,general,35,44.5,4.6,5,1
7,C,general,35,27.9,4.3,2,1
1,D,general,35,97.0,7.0,0,0
1,D,general,35,87.4,8.2,1,0
4,A,general,35,24.5,3.1,3,1
4,C,general,35,87.5,9.2,0,0
10,A,software,25,92.0,8.9,0,0
1,D,general,35,91.3,9.3,0,0
4,C,general,35,74.0,6.4,2,1
1,C,general,35,93.8,9.3,0,0
7,B,general,35,73.5,6.0,1,0
10,B,software,25,98.9,8.3,0,0
1,D,general,35,50.9,6.1,4,1
7,A,general,35,55.2,6.9,1,1
4,B,general,35,87.9,7.4,0,0
4,A,general,35,55.5,6.5,3,1
10,A,software,25,87.6,8.2,0,0
1,C,general,35,85.1,7.8,0,0
1,C,general,35,75.0,8.7,0,0
7,B,general,35,37.6,6.5,3,1
4,B,general,35,79.6,9.5,0,0
7,A,general,35,45.2,6.0,3,1
7,A,general,35,84.1,8.6,1,0
4,A,general,35,88.7,9.3,0,0
10,A,redes,25,55.0,7.8,1,1
10,A,software,25,87.5,8.6,0,0
7,C,general,35,57.4,5.0,4,1
4,C,general,35,64.3,6.0,1,0
10,A,software,25,92.7,8.3,0,0
10,A,redes,25,88.6,9.5,0,0
10,B,software,25,22.6,4.4,1,1
10,A,software,25,65.7,6.4,1,0
1,B,general,35,100.0,7.9,0,0
4,A,general,35,88.3,7.9,0,0
1,D,general,35,80.5,7.5,0,0
10,A,software,25,18.0,3.0,3,1
1,A,general,35,89.4,8.7,1,0
1,D,general,35,72.3,5.8,0,1
10,B,software,25,71.8,6.6,2,1
10,A,software,25,83.3,7.4,0,0
10,A,redes,25,81.9,7.9,0,0
1,B,general,35,76.3,6.8,1,0
4,A,general,35,93.1,9.5,0,0
7,C,general,35,62.8,6.5,1,0
10,B,software,25,52.1,4.6,4,1
4,A,general,35,87.2,7.0,0,0
7,A,general,35,75.6,7.3,0,0
7,A,general,35,89.6,8.9,0,0
10,A,software,25,91.8,7.4,0,0
4,A,general,35,85.3,7.0,0,0
1,A,general,35,100.0,8.8,1,0
10,B,software,25,78.1,6.9,1,0
1,B,general,35,87.2,9.7,0,0
7,B,general,35,73.1,7.5,1,0
10,A,software,25,75.0,7.6,0,0
1,A,general,35,91.1,8.9,0,0
1,A,general,35,71.9,7.0,1,0
4,A,general,35,90.5,8.8,0,0
1,C,general,35,97.1,8.8,0,0
1,A,general,35,94.9,9.1,0,0
10,B,software,25,83.2,8.4,0,0
4,A,general,35,93.2,7.5,0,0
7,C,general,35,89.6,8.5,0,0
7,A,general,35,20.0,4.4,4,1
4,B,general,35,80.9,8.2,0,0
7,B,general,35,89.1,7.6,0,0
7,A,general,35,83.5,7.4,0,0
7,C,general,35,90.5,7.4,0,0
1,C,general,35,82.7,7.0,0,0
1,B,general,35,88.4,8.6,0,0
7,C,general,35,87.4,7.2,0,0
1,C,general,35,86.4,9.3,0,0
10,A,redes,25,76.2,6.5,0,0
10,A,software,25,76.5,6.2,1,0
1,B,general,35,23.8,4.9,1,1
1,A,general,35,73.8,7.0,1,0
1,D,general,35,65.5,6.6,1,1
1,A,general,35,82.0,6.9,1,0
7,C,general,35,95.2,8.0,0,0
7,A,general,35,27.6,4.5,5,1
1,D,general,35,36.0,4.7,3,1
4,A,general,35,87.9,9.2,0,0
1,B,general,35,88.8,7.9,1,0
4,C,general,35,94.5,7.5,0,0
4,B,general,35,17.6,4.3,2,1
4,B,general,35,50.2,5.4,3,1
7,C,general,35,75.9,7.8,0,0
7,C,general,35,89.2,8.7,0,0
10,A,redes,25,73.4,7.4,2,1
4,B,general,35,86.2,9.5,0,0
4,A,general,35,68.3,7.3,1,0
1,D,general,35,98.2,9.3,0,0
10,B,software,25,71.9,6.2,1,0
7,B,general,35,61.1,7.2,1,0
7,C,general,35,93.1,8.3,0,0
1,C,general,35,63.1,6.9,2,1
10,B,software,25,89.7,9.9,0,0
7,A,general,35,86.5,7.8,0,0
1,A,general,35,92.6,8.0,0,0
10,A,redes,25,16.4,5.3,5,1
10,B,software,25,82.4,8.7,0,0
1,B,general,35,95.6,9.1,0,0
4,A,general,35,78.9,8.8,1,0
1,A,general,35,54.9,4.0,4,1
10,A,software,25,73.6,6.5,1,0
7,B,general,35,41.5,3.3,2,1
7,C,general,35,91.1,7.8,0,0
7,A,general,35,51.9,5.7,3,1
1,B,general,35,84.4,8.7,0,0
4,C,general,35,87.1,9.3,0,0
10,B,software,25,83.4,9.7,0,0
4,C,general,35,83.5,8.6,0,0
4,A,general,35,90.6,8.3,0,0
1,A,general,35,93.9,8.4,0,0
4,C,general,35,81.7,7.0,0,0
10,A,redes,25,77.3,7.1,2,1
7,A,general,35,91.1,9.6,0,0
4,B,general,35,97.8,9.3,0,0
1,D,general,35,33.8,5.6,2,1
10,A,redes,25,57.1,3.5,2,1
7,C,general,35,57.5,4.3,5,1
10,A,redes,25,88.3,8.1,0,0
10,A,software,25,94.8,9.5,0,0
4,A,general,35,87.5,8.0,0,0
10,B,software,25,90.0,9.4,0,0
10,B,software,25,83.2,9.2,0,0
1,D,general,35,84.2,9.5,1,0
7,C,general,35,91.0,9.4,0,0
10,A,software,25,94.0,8.7,0,0
1,B,general,35,59.0,7.1,1,1
7,C,general,35,84.4,9.5,0,0
10,B,software,25,80.2,8.8,0,0
4,B,general,35,90.1,9.5,0,0
1,A,general,35,29.3,4.7,3,1
4,C,general,35,100.0,9.7,0,0
7,C,general,35,81.2,8.3,0,0
1,D,general,35,92.5,7.4,0,0
4,B,general,35,83.4,8.5,0,0
1,D,general,35,89.2,7.3,0,0
7,A,general,35,42.0,5.3,4,1
7,B,general,35,93.8,9.8,0,0
7,C,general,35,95.9,8.7,0,0
4,C,general,35,86.8,8.8,0,0
4,C,general,35,88.5,9.9,0,0
1,C,general,35,86.6,9.2,0,0
1,B,general,35,56.1,6.8,1,1
7,A,general,35,76.4,6.0,0,0
1,B,general,35,46.4,2.7,4,1
7,C,general,35,76.6,6.6,2,1
4,C,general,35,83.0,8.0,0,0
4,A,general,35,42.7,4.9,2,1
7,C,general,35,87.7,7.6,0,0
1,C,general,35,87.6,7.5,0,0
10,A,redes,25,68.1,6.7,0,0
1,A,general,35,89.9,8.6,0,0
1,B,general,35,86.1,8.3,0,0
1,C,general,35,63.7,6.4,1,0
4,B,general,35,83.3,7.5,0,0
7,B,general,35,15.4,4.4,1,1
1,C,general,35,86.3,7.7,0,0
