pagina,etiqueta_pdf,grado,grupo,especialidad,horas_semana_totales,horas_tutoria,horas_segun_leyenda,programa_educativo,cuatrimestre,turno,grupo_encabezado,periodo,fecha_inicio,tutor,nota
pagina_01,1ro A DSM Matutino,1,A,general,35,1,35,Tecnologías de la Información,Primero,Matutino,1A DSM,Septiembre - Diciembre 2026,1/9/2026,Dra. Rosario Vargas Flores,
pagina_02,1ro B DSM Matutino,1,B,general,35,1,35,Tecnologías de la Información,Primero,Matutino,1B DSM,Septiembre - Diciembre 2026,1/9/2026,Mtro. Juan Carlos De Los Santos Barbosa,
pagina_03,1ro C DSM Matutino,1,C,general,35,1,35,Tecnologías de la Información,Primero,Matutino,1C DSM,Septiembre - Diciembre 2026,1/9/2026,Dra. Rosario Vargas Flores,Imagen cortada a la derecha: celdas del viernes incompletas (marcadas como celda cortada)
pagina_04,1ro D DSM Matutino,1,D,general,35,1,35,Tecnologías de la Información,Primero,Matutino,1D DSM,Septiembre - Diciembre 2026,1/9/2026,Dr. Julio César Alfaro Herrera,
pagina_05,4to A DSM Matutino,4,A,general,35,1,35,Tecnologías de la Información,Cuarto,Matutino,4A DSM,Septiembre - Diciembre 2026,1/9/2026,Dra. Yedid Curioca Varela,
pagina_06,4to B DSM Matutino,4,B,general,35,1,36,Tecnologías de la Información,Cuarto,Matutino,4B DSM,Septiembre - Diciembre 2026,1/9/2026,Mtra. Julieta Edith Hernández Guzmán,La leyenda dice 5 hrs de Ética profesional pero el horario muestra 4 bloques
pagina_07,4to C DSM Matutino,4,C,general,35,1,36,Tecnologías de la Información,Cuarto,Matutino,4C DSM,Septiembre - Diciembre 2026,1/9/2026,Dra. Yedid Curioca Varela,La leyenda dice 5 hrs de Ética profesional pero el horario muestra 4 bloques
pagina_08,7mo A DSM Vespertino,7,A,general,35,1,35,Ingeniería en Tecnologías de la Información,Séptimo,Vespertino,7A DGS,Septiembre - Diciembre 2026,1/9/2026,Dr. Octavio Sánchez Delgado,
pagina_09,7mo B DSM Vespertino,7,B,general,35,1,35,Ingeniería en Tecnologías de la Información,Séptimo,Vespertino,7B DGS,Septiembre - Diciembre 2026,1/9/2026,Dr. Julio César Alfaro Herrera,Las celdas usan la clave 7B-TIID; el docente de ETI se lee con dificultad
pagina_10,7mo C DSM Vespertino,7,C,general,35,1,35,Ingeniería en Tecnologías de la Información,Séptimo,Vespertino,7B DGS,Septiembre - Diciembre 2026,1/9/2026,Mtro. Luis Roberto Bravo Torrescano,El encabezado dice 7B DGS y las celdas usan 7C; se tomó como grupo C por la etiqueta de la página
pagina_11,10mo A DSM Vespertino,10,A,software,25,1,25,Ingeniería en Tecnologías de la Información,Décimo,Vespertino,10A DGS,Septiembre - Diciembre 2026,1/9/2026,Dr. Héctor Bernardo Ortega Ginés,No incluye el renglón 13:20-14:10 (la imagen empieza en 14:10)
pagina_12,10mo B DSM Vespertino,10,B,software,25,1,25,Ingeniería en Tecnologías de la Información,Décimo,Vespertino,10 B DGS,Septiembre - Diciembre 2026,1/9/2026,Mtra. Julieta Edith Hernández Guzmán,
pagina_13,10mo A IRD Vespertino,10,A,redes,25,1,25,Ingeniería en Tecnologías de la Información,Décimo,Vespertino,10 A RIC,Septiembre - Diciembre 2026,1/9/2026,Dr. Octavio Sánchez Delgado,En la leyenda la integradora se llama INT pero en el horario aparece como IT2
