pagina,etiqueta_pdf,grado,grupo,especialidad,grupo_encabezado,turno,dia,hora,celda_original,materia_clave,aula,tipo,materia_nombre,docente,horas_semana_materia_leyenda,nota_celda
pagina_01,1ro A DSM Matutino,1,A,general,1A DSM,Matutino,Lunes,07:00-07:50,FUM-1A-DSM-A1,FUM,A1,clase,Fundamentos Matemáticos,Mtro. Alfonso Noguerón Soto,7,
pagina_01,1ro A DSM Matutino,1,A,general,1A DSM,Matutino,Martes,07:00-07:50,DHV-1A-DSM-A3,DHV,A3,clase,Desarrollo Humano y Valores,Mtro. Erik Roque Mendoza,4,
pagina_01,1ro A DSM Matutino,1,A,general,1A DSM,Matutino,Jueves,07:00-07:50,FUM-1A-DSM-A1,FUM,A1,clase,Fundamentos Matemáticos,Mtro. Alfonso Noguerón Soto,7,
pagina_01,1ro A DSM Matutino,1,A,general,1A DSM,Matutino,Lunes,07:50-08:40,FSC-1A-DSM-Edif. H2-A8,FSC,Edif. H2-A8,clase,Física,Mtro. Juan Carlos De Los Santos Barbosa,6,
pagina_01,1ro A DSM Matutino,1,A,general,1A DSM,Matutino,Martes,07:50-08:40,FUR-1A-DSM-LAB.TI,FUR,LAB.TI,clase,Fundamentos de Redes,Dra. Rosario Vargas Flores,4,
pagina_01,1ro A DSM Matutino,1,A,general,1A DSM,Matutino,Miércoles,07:50-08:40,FUM-1A-DSM-A1,FUM,A1,clase,Fundamentos Matemáticos,Mtro. Alfonso Noguerón Soto,7,
pagina_01,1ro A DSM Matutino,1,A,general,1A DSM,Matutino,Viernes,07:50-08:40,FUM-1A-DSM-A1,FUM,A1,clase,Fundamentos Matemáticos,Mtro. Alfonso Noguerón Soto,7,
pagina_01,1ro A DSM Matutino,1,A,general,1A DSM,Matutino,Lunes,08:40-09:30,FSC-1A-DSM-Edif. H2-A8,FSC,Edif. H2-A8,clase,Física,Mtro. Juan Carlos De Los Santos Barbosa,6,
pagina_01,1ro A DSM Matutino,1,A,general,1A DSM,Matutino,Martes,08:40-09:30,FUR-1A-DSM-LAB.TI,FUR,LAB.TI,clase,Fundamentos de Redes,Dra. Rosario Vargas Flores,4,
pagina_01,1ro A DSM Matutino,1,A,general,1A DSM,Matutino,Miércoles,08:40-09:30,FUM-1A-DSM-A1,FUM,A1,clase,Fundamentos Matemáticos,Mtro. Alfonso Noguerón Soto,7,
pagina_01,1ro A DSM Matutino,1,A,general,1A DSM,Matutino,Jueves,08:40-09:30,IN1-1A-DSM-A3,IN1,A3,clase,Inglés I,Mtra. Adriana Patricia Quizamán Olguín,5,
pagina_01,1ro A DSM Matutino,1,A,general,1A DSM,Matutino,Viernes,08:40-09:30,FUM-1A-DSM-A1,FUM,A1,clase,Fundamentos Matemáticos,Mtro. Alfonso Noguerón Soto,7,
pagina_01,1ro A DSM Matutino,1,A,general,1A DSM,Matutino,Lunes,10:00-10:50,FSC-1A-DSM-Edif. H2-A8,FSC,Edif. H2-A8,clase,Física,Mtro. Juan Carlos De Los Santos Barbosa,6,
pagina_01,1ro A DSM Matutino,1,A,general,1A DSM,Matutino,Martes,10:00-10:50,FUM-1A-DSM-A1,FUM,A1,clase,Fundamentos Matemáticos,Mtro. Alfonso Noguerón Soto,7,
pagina_01,1ro A DSM Matutino,1,A,general,1A DSM,Matutino,Miércoles,10:00-10:50,DHV-1A-DSM-A1,DHV,A1,clase,Desarrollo Humano y Valores,Mtro. Erik Roque Mendoza,4,
pagina_01,1ro A DSM Matutino,1,A,general,1A DSM,Matutino,Jueves,10:00-10:50,FUR-1A-DSM-LAB.CON,FUR,LAB.CON,clase,Fundamentos de Redes,Dra. Rosario Vargas Flores,4,
pagina_01,1ro A DSM Matutino,1,A,general,1A DSM,Matutino,Viernes,10:00-10:50,FUR-1A-DSM-A1,FUR,A1,clase,Fundamentos de Redes,Dra. Rosario Vargas Flores,4,
pagina_01,1ro A DSM Matutino,1,A,general,1A DSM,Matutino,Lunes,10:50-11:40,TUTORIA-1A-DSM-A1,TUTORIA,A1,tutoria,Tutoría,Dra. Rosario Vargas Flores,,
pagina_01,1ro A DSM Matutino,1,A,general,1A DSM,Matutino,Martes,10:50-11:40,DHV-1A-DSM-A1,DHV,A1,clase,Desarrollo Humano y Valores,Mtro. Erik Roque Mendoza,4,
pagina_01,1ro A DSM Matutino,1,A,general,1A DSM,Matutino,Miércoles,10:50-11:40,DHV-1A-DSM-A1,DHV,A1,clase,Desarrollo Humano y Valores,Mtro. Erik Roque Mendoza,4,
pagina_01,1ro A DSM Matutino,1,A,general,1A DSM,Matutino,Jueves,10:50-11:40,CHD-1A-DSM-LAB.CON,CHD,LAB.CON,clase,Comunicación y Habilidades Digitales,Mtro. Luis Roberto Bravo Torrescano,5,
pagina_01,1ro A DSM Matutino,1,A,general,1A DSM,Matutino,Viernes,10:50-11:40,IN1-1A-DSM-A1,IN1,A1,clase,Inglés I,Mtra. Adriana Patricia Quizamán Olguín,5,
pagina_01,1ro A DSM Matutino,1,A,general,1A DSM,Matutino,Lunes,11:40-12:30,FUP-1A-DSM-LAB.TI,FUP,LAB.TI,clase,Fundamentos de Programación,Dr. Julio César Alfaro Herrera,4,
pagina_01,1ro A DSM Matutino,1,A,general,1A DSM,Matutino,Martes,11:40-12:30,FSC-1A-DSM-A1,FSC,A1,clase,Física,Mtro. Juan Carlos De Los Santos Barbosa,6,
pagina_01,1ro A DSM Matutino,1,A,general,1A DSM,Matutino,Miércoles,11:40-12:30,IN1-1A-DSM-A1,IN1,A1,clase,Inglés I,Mtra. Adriana Patricia Quizamán Olguín,5,
pagina_01,1ro A DSM Matutino,1,A,general,1A DSM,Matutino,Jueves,11:40-12:30,CHD-1A-DSM-LAB.CON,CHD,LAB.CON,clase,Comunicación y Habilidades Digitales,Mtro. Luis Roberto Bravo Torrescano,5,
pagina_01,1ro A DSM Matutino,1,A,general,1A DSM,Matutino,Viernes,11:40-12:30,IN1-1A-DSM-A1,IN1,A1,clase,Inglés I,Mtra. Adriana Patricia Quizamán Olguín,5,
pagina_01,1ro A DSM Matutino,1,A,general,1A DSM,Matutino,Lunes,12:30-13:20,FUP-1A-DSM-LAB.TI,FUP,LAB.TI,clase,Fundamentos de Programación,Dr. Julio César Alfaro Herrera,4,
pagina_01,1ro A DSM Matutino,1,A,general,1A DSM,Matutino,Martes,12:30-13:20,FSC-1A-DSM-A1,FSC,A1,clase,Física,Mtro. Juan Carlos De Los Santos Barbosa,6,
pagina_01,1ro A DSM Matutino,1,A,general,1A DSM,Matutino,Miércoles,12:30-13:20,IN1-1A-DSM-A1,IN1,A1,clase,Inglés I,Mtra. Adriana Patricia Quizamán Olguín,5,
pagina_01,1ro A DSM Matutino,1,A,general,1A DSM,Matutino,Viernes,12:30-13:20,FSC-1A-DSM-Edif. H2-A8,FSC,Edif. H2-A8,clase,Física,Mtro. Juan Carlos De Los Santos Barbosa,6,
pagina_01,1ro A DSM Matutino,1,A,general,1A DSM,Matutino,Lunes,13:20-14:10,CHD-1A-DSM-LAB.CON,CHD,LAB.CON,clase,Comunicación y Habilidades Digitales,Mtro. Luis Roberto Bravo Torrescano,5,
pagina_01,1ro A DSM Matutino,1,A,general,1A DSM,Matutino,Martes,13:20-14:10,CHD-1A-DSM-LAB.CON,CHD,LAB.CON,clase,Comunicación y Habilidades Digitales,Mtro. Luis Roberto Bravo Torrescano,5,
pagina_01,1ro A DSM Matutino,1,A,general,1A DSM,Matutino,Miércoles,13:20-14:10,CHD-1A-DSM-A2,CHD,A2,clase,Comunicación y Habilidades Digitales,Mtro. Luis Roberto Bravo Torrescano,5,
pagina_01,1ro A DSM Matutino,1,A,general,1A DSM,Matutino,Viernes,13:20-14:10,FUP-1A-DSM-A1,FUP,A1,clase,Fundamentos de Programación,Dr. Julio César Alfaro Herrera,4,
pagina_01,1ro A DSM Matutino,1,A,general,1A DSM,Matutino,Viernes,14:10-15:00,FUP-1A-DSM-A1,FUP,A1,clase,Fundamentos de Programación,Dr. Julio César Alfaro Herrera,4,
pagina_02,1ro B DSM Matutino,1,B,general,1B DSM,Matutino,Martes,07:00-07:50,FUM-1B-DSM-A1,FUM,A1,clase,Fundamentos Matemáticos,Mtro. Alfonso Noguerón Soto,7,
pagina_02,1ro B DSM Matutino,1,B,general,1B DSM,Matutino,Miércoles,07:00-07:50,FUM-1B-DSM-A1,FUM,A1,clase,Fundamentos Matemáticos,Mtro. Alfonso Noguerón Soto,7,
pagina_02,1ro B DSM Matutino,1,B,general,1B DSM,Matutino,Viernes,07:00-07:50,DHV-1B-DSM-A3,DHV,A3,clase,Desarrollo Humano y Valores,Mtro. Erik Roque Mendoza,4,
pagina_02,1ro B DSM Matutino,1,B,general,1B DSM,Matutino,Lunes,07:50-08:40,FUR-1B-DSM-LAB.TI,FUR,LAB.TI,clase,Fundamentos de Redes,Dra. Rosario Vargas Flores,4,
pagina_02,1ro B DSM Matutino,1,B,general,1B DSM,Matutino,Martes,07:50-08:40,FUM-1B-DSM-A1,FUM,A1,clase,Fundamentos Matemáticos,Mtro. Alfonso Noguerón Soto,7,
pagina_02,1ro B DSM Matutino,1,B,general,1B DSM,Matutino,Miércoles,07:50-08:40,DHV-1B-DSM-A4,DHV,A4,clase,Desarrollo Humano y Valores,Mtro. Erik Roque Mendoza,4,
pagina_02,1ro B DSM Matutino,1,B,general,1B DSM,Matutino,Viernes,07:50-08:40,FSC-1B-DSM-A4,FSC,A4,clase,Física,Mtro. Juan Carlos De Los Santos Barbosa,6,
pagina_02,1ro B DSM Matutino,1,B,general,1B DSM,Matutino,Lunes,08:40-09:30,FUR-1B-DSM-LAB.TI,FUR,LAB.TI,clase,Fundamentos de Redes,Dra. Rosario Vargas Flores,4,
pagina_02,1ro B DSM Matutino,1,B,general,1B DSM,Matutino,Miércoles,08:40-09:30,DHV-1B-DSM-A4,DHV,A4,clase,Desarrollo Humano y Valores,Mtro. Erik Roque Mendoza,4,
pagina_02,1ro B DSM Matutino,1,B,general,1B DSM,Matutino,Jueves,08:40-09:30,FSC-1B-DSM-Edif. H2-A8,FSC,Edif. H2-A8,clase,Física,Mtro. Juan Carlos De Los Santos Barbosa,6,
pagina_02,1ro B DSM Matutino,1,B,general,1B DSM,Matutino,Viernes,08:40-09:30,FSC-1B-DSM-A4,FSC,A4,clase,Física,Mtro. Juan Carlos De Los Santos Barbosa,6,
pagina_02,1ro B DSM Matutino,1,B,general,1B DSM,Matutino,Lunes,10:00-10:50,FUM-1B-DSM-A1,FUM,A1,clase,Fundamentos Matemáticos,Mtro. Alfonso Noguerón Soto,7,
pagina_02,1ro B DSM Matutino,1,B,general,1B DSM,Matutino,Martes,10:00-10:50,IN1-1B-DSM-A3,IN1,A3,clase,Inglés I,Mtra. Adriana Patricia Quizamán Olguín,5,
pagina_02,1ro B DSM Matutino,1,B,general,1B DSM,Matutino,Miércoles,10:00-10:50,FSC-1B-DSM-A2,FSC,A2,clase,Física,Mtro. Juan Carlos De Los Santos Barbosa,6,
pagina_02,1ro B DSM Matutino,1,B,general,1B DSM,Matutino,Jueves,10:00-10:50,FUM-1B-DSM-A1,FUM,A1,clase,Fundamentos Matemáticos,Mtro. Alfonso Noguerón Soto,7,
pagina_02,1ro B DSM Matutino,1,B,general,1B DSM,Matutino,Viernes,10:00-10:50,FUM-1B-DSM-LAB.CON,FUM,LAB.CON,clase,Fundamentos Matemáticos,Mtro. Alfonso Noguerón Soto,7,
pagina_02,1ro B DSM Matutino,1,B,general,1B DSM,Matutino,Lunes,10:50-11:40,TUTORIA-1B-DSM-A3,TUTORIA,A3,tutoria,Tutoría,Mtro. Juan Carlos De Los Santos Barbosa,,
pagina_02,1ro B DSM Matutino,1,B,general,1B DSM,Matutino,Martes,10:50-11:40,IN1-1B-DSM-A3,IN1,A3,clase,Inglés I,Mtra. Adriana Patricia Quizamán Olguín,5,
pagina_02,1ro B DSM Matutino,1,B,general,1B DSM,Matutino,Miércoles,10:50-11:40,FSC-1B-DSM-A2,FSC,A2,clase,Física,Mtro. Juan Carlos De Los Santos Barbosa,6,
pagina_02,1ro B DSM Matutino,1,B,general,1B DSM,Matutino,Jueves,10:50-11:40,DHV-1B-DSM-A1,DHV,A1,clase,Desarrollo Humano y Valores,Mtro. Erik Roque Mendoza,4,
pagina_02,1ro B DSM Matutino,1,B,general,1B DSM,Matutino,Viernes,10:50-11:40,FUM-1B-DSM-LAB.CON,FUM,LAB.CON,clase,Fundamentos Matemáticos,Mtro. Alfonso Noguerón Soto,7,
pagina_02,1ro B DSM Matutino,1,B,general,1B DSM,Matutino,Lunes,11:40-12:30,CHD-1B-DSM-LAB.CON,CHD,LAB.CON,clase,Comunicación y Habilidades Digitales,Mtro. Luis Roberto Bravo Torrescano,5,
pagina_02,1ro B DSM Matutino,1,B,general,1B DSM,Matutino,Martes,11:40-12:30,CHD-1B-DSM-A3,CHD,A3,clase,Comunicación y Habilidades Digitales,Mtro. Luis Roberto Bravo Torrescano,5,
pagina_02,1ro B DSM Matutino,1,B,general,1B DSM,Matutino,Miércoles,11:40-12:30,FUP-1B-DSM-A3,FUP,A3,clase,Fundamentos de Programación,Dr. Christian Galicia García,4,
pagina_02,1ro B DSM Matutino,1,B,general,1B DSM,Matutino,Jueves,11:40-12:30,FUR-1B-DSM-LAB.TI,FUR,LAB.TI,clase,Fundamentos de Redes,Dra. Rosario Vargas Flores,4,
pagina_02,1ro B DSM Matutino,1,B,general,1B DSM,Matutino,Viernes,11:40-12:30,FUP-1B-DSM-LAB.CON,FUP,LAB.CON,clase,Fundamentos de Programación,Dr. Christian Galicia García,4,
pagina_02,1ro B DSM Matutino,1,B,general,1B DSM,Matutino,Lunes,12:30-13:20,CHD-1B-DSM-LAB.CON,CHD,LAB.CON,clase,Comunicación y Habilidades Digitales,Mtro. Luis Roberto Bravo Torrescano,5,
pagina_02,1ro B DSM Matutino,1,B,general,1B DSM,Matutino,Martes,12:30-13:20,CHD-1B-DSM-A3,CHD,A3,clase,Comunicación y Habilidades Digitales,Mtro. Luis Roberto Bravo Torrescano,5,
pagina_02,1ro B DSM Matutino,1,B,general,1B DSM,Matutino,Miércoles,12:30-13:20,CHD-1B-DSM-A2,CHD,A2,clase,Comunicación y Habilidades Digitales,Mtro. Luis Roberto Bravo Torrescano,5,
pagina_02,1ro B DSM Matutino,1,B,general,1B DSM,Matutino,Jueves,12:30-13:20,FUP-1B-DSM-LAB.CON,FUP,LAB.CON,clase,Fundamentos de Programación,Dr. Christian Galicia García,4,
pagina_02,1ro B DSM Matutino,1,B,general,1B DSM,Matutino,Viernes,12:30-13:20,IN1-1B-DSM-A4,IN1,A4,clase,Inglés I,Mtra. Adriana Patricia Quizamán Olguín,5,
pagina_02,1ro B DSM Matutino,1,B,general,1B DSM,Matutino,Lunes,13:20-14:10,FSC-1B-DSM-A4,FSC,A4,clase,Física,Mtro. Juan Carlos De Los Santos Barbosa,6,
pagina_02,1ro B DSM Matutino,1,B,general,1B DSM,Matutino,Martes,13:20-14:10,FUR-1B-DSM-LAB.TI,FUR,LAB.TI,clase,Fundamentos de Redes,Dra. Rosario Vargas Flores,4,
pagina_02,1ro B DSM Matutino,1,B,general,1B DSM,Matutino,Miércoles,13:20-14:10,IN1-1B-DSM-A3,IN1,A3,clase,Inglés I,Mtra. Adriana Patricia Quizamán Olguín,5,
pagina_02,1ro B DSM Matutino,1,B,general,1B DSM,Matutino,Jueves,13:20-14:10,FUP-1B-DSM-LAB.CON,FUP,LAB.CON,clase,Fundamentos de Programación,Dr. Christian Galicia García,4,
pagina_02,1ro B DSM Matutino,1,B,general,1B DSM,Matutino,Viernes,13:20-14:10,IN1-1B-DSM-A4,IN1,A4,clase,Inglés I,Mtra. Adriana Patricia Quizamán Olguín,5,
pagina_03,1ro C DSM Matutino,1,C,general,1C DSM,Matutino,Lunes,07:00-07:50,CHD-1C-DSM-LAB.TI,CHD,LAB.TI,clase,Comunicación y Habilidades Digitales,Dra. Rosario Vargas Flores,5,
pagina_03,1ro C DSM Matutino,1,C,general,1C DSM,Matutino,Martes,07:00-07:50,FUR-1C-DSM-LAB.TI,FUR,LAB.TI,clase,Fundamentos de Redes,Dra. Rosario Vargas Flores,4,
pagina_03,1ro C DSM Matutino,1,C,general,1C DSM,Matutino,Viernes,07:00-07:50,FUM-1C-DSM…,FUM,,clase,Fundamentos Matemáticos,Mtro. Juan Carlos De Los Santos Barbosa,7,celda cortada en la imagen
pagina_03,1ro C DSM Matutino,1,C,general,1C DSM,Matutino,Lunes,07:50-08:40,IN1-1C-DSM-A3,IN1,A3,clase,Inglés I,Mtra. Adriana Patricia Quizamán Olguín,5,
pagina_03,1ro C DSM Matutino,1,C,general,1C DSM,Matutino,Martes,07:50-08:40,FUM-1C-DSM-A2,FUM,A2,clase,Fundamentos Matemáticos,Mtro. Juan Carlos De Los Santos Barbosa,7,
pagina_03,1ro C DSM Matutino,1,C,general,1C DSM,Matutino,Miércoles,07:50-08:40,FUM-1C-DSM-A2,FUM,A2,clase,Fundamentos Matemáticos,Mtro. Juan Carlos De Los Santos Barbosa,7,
pagina_03,1ro C DSM Matutino,1,C,general,1C DSM,Matutino,Jueves,07:50-08:40,FSC-1C-DSM-A2,FSC,A2,clase,Física,Mtro. Juan Carlos De Los Santos Barbosa,6,
pagina_03,1ro C DSM Matutino,1,C,general,1C DSM,Matutino,Lunes,08:40-09:30,IN1-1C-DSM-A3,IN1,A3,clase,Inglés I,Mtra. Adriana Patricia Quizamán Olguín,5,
pagina_03,1ro C DSM Matutino,1,C,general,1C DSM,Matutino,Martes,08:40-09:30,FUM-1C-DSM-A2,FUM,A2,clase,Fundamentos Matemáticos,Mtro. Juan Carlos De Los Santos Barbosa,7,
pagina_03,1ro C DSM Matutino,1,C,general,1C DSM,Matutino,Miércoles,08:40-09:30,FUM-1C-DSM-A2,FUM,A2,clase,Fundamentos Matemáticos,Mtro. Juan Carlos De Los Santos Barbosa,7,
pagina_03,1ro C DSM Matutino,1,C,general,1C DSM,Matutino,Jueves,08:40-09:30,TUTORIA-1C-DSM-A2,TUTORIA,A2,tutoria,Tutoría,Dra. Rosario Vargas Flores,,
pagina_03,1ro C DSM Matutino,1,C,general,1C DSM,Matutino,Viernes,08:40-09:30,IN1-1C-DSM…,IN1,,clase,Inglés I,Mtra. Adriana Patricia Quizamán Olguín,5,celda cortada en la imagen
pagina_03,1ro C DSM Matutino,1,C,general,1C DSM,Matutino,Lunes,10:00-10:50,DHV-1C-DSM-A4,DHV,A4,clase,Desarrollo Humano y Valores,Mtro. Erik Roque Mendoza,4,
pagina_03,1ro C DSM Matutino,1,C,general,1C DSM,Matutino,Martes,10:00-10:50,CHD-1C-DSM-A2,CHD,A2,clase,Comunicación y Habilidades Digitales,Dra. Rosario Vargas Flores,5,
pagina_03,1ro C DSM Matutino,1,C,general,1C DSM,Matutino,Miércoles,10:00-10:50,IN1-1C-DSM-A3,IN1,A3,clase,Inglés I,Mtra. Adriana Patricia Quizamán Olguín,5,
pagina_03,1ro C DSM Matutino,1,C,general,1C DSM,Matutino,Jueves,10:00-10:50,FSC-1C-DSM-Edif. H2-A8,FSC,Edif. H2-A8,clase,Física,Mtro. Juan Carlos De Los Santos Barbosa,6,
pagina_03,1ro C DSM Matutino,1,C,general,1C DSM,Matutino,Viernes,10:00-10:50,DHV-1C-DSM…,DHV,,clase,Desarrollo Humano y Valores,Mtro. Erik Roque Mendoza,4,celda cortada en la imagen
pagina_03,1ro C DSM Matutino,1,C,general,1C DSM,Matutino,Lunes,10:50-11:40,DHV-1C-DSM-A4,DHV,A4,clase,Desarrollo Humano y Valores,Mtro. Erik Roque Mendoza,4,
pagina_03,1ro C DSM Matutino,1,C,general,1C DSM,Matutino,Martes,10:50-11:40,CHD-1C-DSM-A2,CHD,A2,clase,Comunicación y Habilidades Digitales,Dra. Rosario Vargas Flores,5,
pagina_03,1ro C DSM Matutino,1,C,general,1C DSM,Matutino,Miércoles,10:50-11:40,IN1-1C-DSM-A3,IN1,A3,clase,Inglés I,Mtra. Adriana Patricia Quizamán Olguín,5,
pagina_03,1ro C DSM Matutino,1,C,general,1C DSM,Matutino,Jueves,10:50-11:40,FSC-1C-DSM-Edif. H2-A8,FSC,Edif. H2-A8,clase,Física,Mtro. Juan Carlos De Los Santos Barbosa,6,
pagina_03,1ro C DSM Matutino,1,C,general,1C DSM,Matutino,Viernes,10:50-11:40,DHV-1C-DSM…,DHV,,clase,Desarrollo Humano y Valores,Mtro. Erik Roque Mendoza,4,celda cortada en la imagen
pagina_03,1ro C DSM Matutino,1,C,general,1C DSM,Matutino,Lunes,11:40-12:30,FSC-1C-DSM-A1,FSC,A1,clase,Física,Mtro. Juan Carlos De Los Santos Barbosa,6,
pagina_03,1ro C DSM Matutino,1,C,general,1C DSM,Matutino,Martes,11:40-12:30,FUR-1C-DSM-A2,FUR,A2,clase,Fundamentos de Redes,Dra. Rosario Vargas Flores,4,
pagina_03,1ro C DSM Matutino,1,C,general,1C DSM,Matutino,Miércoles,11:40-12:30,FSC-1C-DSM-A2,FSC,A2,clase,Física,Mtro. Juan Carlos De Los Santos Barbosa,6,
pagina_03,1ro C DSM Matutino,1,C,general,1C DSM,Matutino,Jueves,11:40-12:30,FUP-1C-DSM-A1,FUP,A1,clase,Fundamentos de Programación,Dr. Julio César Alfaro Herrera,4,
pagina_03,1ro C DSM Matutino,1,C,general,1C DSM,Matutino,Viernes,11:40-12:30,CHD-1C-DSM-.TI…,CHD,.TI,clase,Comunicación y Habilidades Digitales,Dra. Rosario Vargas Flores,5,celda cortada en la imagen
pagina_03,1ro C DSM Matutino,1,C,general,1C DSM,Matutino,Lunes,12:30-13:20,FSC-1C-DSM-A4,FSC,A4,clase,Física,Mtro. Juan Carlos De Los Santos Barbosa,6,
pagina_03,1ro C DSM Matutino,1,C,general,1C DSM,Matutino,Martes,12:30-13:20,FUR-1C-DSM-A2,FUR,A2,clase,Fundamentos de Redes,Dra. Rosario Vargas Flores,4,
pagina_03,1ro C DSM Matutino,1,C,general,1C DSM,Matutino,Miércoles,12:30-13:20,FUP-1C-DSM-LAB.TI,FUP,LAB.TI,clase,Fundamentos de Programación,Dr. Julio César Alfaro Herrera,4,
pagina_03,1ro C DSM Matutino,1,C,general,1C DSM,Matutino,Jueves,12:30-13:20,FUP-1C-DSM-LAB.TI,FUP,LAB.TI,clase,Fundamentos de Programación,Dr. Julio César Alfaro Herrera,4,
pagina_03,1ro C DSM Matutino,1,C,general,1C DSM,Matutino,Viernes,12:30-13:20,CHD-1C-DSM-.TI…,CHD,.TI,clase,Comunicación y Habilidades Digitales,Dra. Rosario Vargas Flores,5,celda cortada en la imagen
pagina_03,1ro C DSM Matutino,1,C,general,1C DSM,Matutino,Martes,13:20-14:10,FUM-1C-DSM-A1,FUM,A1,clase,Fundamentos Matemáticos,Mtro. Juan Carlos De Los Santos Barbosa,7,
pagina_03,1ro C DSM Matutino,1,C,general,1C DSM,Matutino,Miércoles,13:20-14:10,FUP-1C-DSM-LAB.TI,FUP,LAB.TI,clase,Fundamentos de Programación,Dr. Julio César Alfaro Herrera,4,
pagina_03,1ro C DSM Matutino,1,C,general,1C DSM,Matutino,Jueves,13:20-14:10,FUR-1C-DSM-LAB.TI,FUR,LAB.TI,clase,Fundamentos de Redes,Dra. Rosario Vargas Flores,4,
pagina_03,1ro C DSM Matutino,1,C,general,1C DSM,Matutino,Viernes,13:20-14:10,FUM-1C-DSM-H2-A8…,FUM,H2-A8,clase,Fundamentos Matemáticos,Mtro. Juan Carlos De Los Santos Barbosa,7,celda cortada en la imagen
pagina_04,1ro D DSM Matutino,1,D,general,1D DSM,Matutino,Lunes,07:00-07:50,CHD-1D-DSM-LAB.CON,CHD,LAB.CON,clase,Comunicación y Habilidades Digitales,Mtro. Juan Carlos De Los Santos Barbosa,5,
pagina_04,1ro D DSM Matutino,1,D,general,1D DSM,Matutino,Martes,07:00-07:50,IN1-1D-DSM-A4,IN1,A4,clase,Inglés I,Mtra. Adriana Patricia Quizamán Olguín,5,
pagina_04,1ro D DSM Matutino,1,D,general,1D DSM,Matutino,Miércoles,07:00-07:50,FSC-1D-DSM-A2,FSC,A2,clase,Física,Mtro. Juan Carlos De Los Santos Barbosa,6,
pagina_04,1ro D DSM Matutino,1,D,general,1D DSM,Matutino,Viernes,07:00-07:50,FUM-1D-DSM-A1,FUM,A1,clase,Fundamentos Matemáticos,Mtro. Alfonso Noguerón Soto,7,
pagina_04,1ro D DSM Matutino,1,D,general,1D DSM,Matutino,Lunes,07:50-08:40,FUM-1D-DSM-A1,FUM,A1,clase,Fundamentos Matemáticos,Mtro. Alfonso Noguerón Soto,7,
pagina_04,1ro D DSM Matutino,1,D,general,1D DSM,Matutino,Jueves,07:50-08:40,FUM-1D-DSM-A1,FUM,A1,clase,Fundamentos Matemáticos,Mtro. Alfonso Noguerón Soto,7,
pagina_04,1ro D DSM Matutino,1,D,general,1D DSM,Matutino,Viernes,07:50-08:40,FUR-1D-DSM-LAB.TI,FUR,LAB.TI,clase,Fundamentos de Redes,Dra. Rosario Vargas Flores,4,
pagina_04,1ro D DSM Matutino,1,D,general,1D DSM,Matutino,Lunes,08:40-09:30,FUM-1D-DSM-A1,FUM,A1,clase,Fundamentos Matemáticos,Mtro. Alfonso Noguerón Soto,7,
pagina_04,1ro D DSM Matutino,1,D,general,1D DSM,Matutino,Martes,08:40-09:30,FUM-1D-DSM-A1,FUM,A1,clase,Fundamentos Matemáticos,Mtro. Alfonso Noguerón Soto,7,
pagina_04,1ro D DSM Matutino,1,D,general,1D DSM,Matutino,Miércoles,08:40-09:30,FUR-1D-DSM-LAB.TI,FUR,LAB.TI,clase,Fundamentos de Redes,Dra. Rosario Vargas Flores,4,
pagina_04,1ro D DSM Matutino,1,D,general,1D DSM,Matutino,Jueves,08:40-09:30,FUM-1D-DSM-A1,FUM,A1,clase,Fundamentos Matemáticos,Mtro. Alfonso Noguerón Soto,7,
pagina_04,1ro D DSM Matutino,1,D,general,1D DSM,Matutino,Viernes,08:40-09:30,FUR-1D-DSM-LAB.TI,FUR,LAB.TI,clase,Fundamentos de Redes,Dra. Rosario Vargas Flores,4,
pagina_04,1ro D DSM Matutino,1,D,general,1D DSM,Matutino,Martes,10:00-10:50,FSC-1D-DSM-Edif. H2-A8,FSC,Edif. H2-A8,clase,Física,Mtro. Juan Carlos De Los Santos Barbosa,6,
pagina_04,1ro D DSM Matutino,1,D,general,1D DSM,Matutino,Miércoles,10:00-10:50,FUM-1D-DSM-Edif. H2-A8,FUM,Edif. H2-A8,clase,Fundamentos Matemáticos,Mtro. Alfonso Noguerón Soto,7,
pagina_04,1ro D DSM Matutino,1,D,general,1D DSM,Matutino,Jueves,10:00-10:50,IN1-1D-DSM-A3,IN1,A3,clase,Inglés I,Mtra. Adriana Patricia Quizamán Olguín,5,
pagina_04,1ro D DSM Matutino,1,D,general,1D DSM,Matutino,Viernes,10:00-10:50,FSC-1D-DSM-Edif. H2-A8,FSC,Edif. H2-A8,clase,Física,Mtro. Juan Carlos De Los Santos Barbosa,6,
pagina_04,1ro D DSM Matutino,1,D,general,1D DSM,Matutino,Lunes,10:50-11:40,IN1-1D-DSM-Edif. H2-A8,IN1,Edif. H2-A8,clase,Inglés I,Mtra. Adriana Patricia Quizamán Olguín,5,
pagina_04,1ro D DSM Matutino,1,D,general,1D DSM,Matutino,Martes,10:50-11:40,FSC-1D-DSM-Edif. H2-A8,FSC,Edif. H2-A8,clase,Física,Mtro. Juan Carlos De Los Santos Barbosa,6,
pagina_04,1ro D DSM Matutino,1,D,general,1D DSM,Matutino,Miércoles,10:50-11:40,DHV-1D-DSM-Edif. H2-A8,DHV,Edif. H2-A8,clase,Desarrollo Humano y Valores,Mtra. Alejandrina Janyna Aranda Ramírez,4,
pagina_04,1ro D DSM Matutino,1,D,general,1D DSM,Matutino,Jueves,10:50-11:40,IN1-1D-DSM-A3,IN1,A3,clase,Inglés I,Mtra. Adriana Patricia Quizamán Olguín,5,
pagina_04,1ro D DSM Matutino,1,D,general,1D DSM,Matutino,Viernes,10:50-11:40,FSC-1D-DSM-Edif. H2-A8,FSC,Edif. H2-A8,clase,Física,Mtro. Juan Carlos De Los Santos Barbosa,6,
pagina_04,1ro D DSM Matutino,1,D,general,1D DSM,Matutino,Lunes,11:40-12:30,IN1-1D-DSM-Edif. H2-A8,IN1,Edif. H2-A8,clase,Inglés I,Mtra. Adriana Patricia Quizamán Olguín,5,
pagina_04,1ro D DSM Matutino,1,D,general,1D DSM,Matutino,Martes,11:40-12:30,FUP-1D-DSM-Edif. H2-A8,FUP,Edif. H2-A8,clase,Fundamentos de Programación,Dr. Julio César Alfaro Herrera,4,
pagina_04,1ro D DSM Matutino,1,D,general,1D DSM,Matutino,Miércoles,11:40-12:30,DHV-1D-DSM-Edif. H2-A8,DHV,Edif. H2-A8,clase,Desarrollo Humano y Valores,Mtra. Alejandrina Janyna Aranda Ramírez,4,
pagina_04,1ro D DSM Matutino,1,D,general,1D DSM,Matutino,Jueves,11:40-12:30,CHD-1D-DSM-A1,CHD,A1,clase,Comunicación y Habilidades Digitales,Mtro. Juan Carlos De Los Santos Barbosa,5,
pagina_04,1ro D DSM Matutino,1,D,general,1D DSM,Matutino,Viernes,11:40-12:30,FSC-1D-DSM-Edif. H2-A8,FSC,Edif. H2-A8,clase,Física,Mtro. Juan Carlos De Los Santos Barbosa,6,
pagina_04,1ro D DSM Matutino,1,D,general,1D DSM,Matutino,Lunes,12:30-13:20,DHV-1D-DSM-A4,DHV,A4,clase,Desarrollo Humano y Valores,Mtra. Alejandrina Janyna Aranda Ramírez,4,
pagina_04,1ro D DSM Matutino,1,D,general,1D DSM,Matutino,Martes,12:30-13:20,FUP-1D-DSM-LAB.TI,FUP,LAB.TI,clase,Fundamentos de Programación,Dr. Julio César Alfaro Herrera,4,
pagina_04,1ro D DSM Matutino,1,D,general,1D DSM,Matutino,Miércoles,12:30-13:20,CHD-1D-DSM-Edif. H2-A8,CHD,Edif. H2-A8,clase,Comunicación y Habilidades Digitales,Mtro. Juan Carlos De Los Santos Barbosa,5,
pagina_04,1ro D DSM Matutino,1,D,general,1D DSM,Matutino,Jueves,12:30-13:20,CHD-1D-DSM-A1,CHD,A1,clase,Comunicación y Habilidades Digitales,Mtro. Juan Carlos De Los Santos Barbosa,5,
pagina_04,1ro D DSM Matutino,1,D,general,1D DSM,Matutino,Viernes,12:30-13:20,DHV-1D-DSM-A1,DHV,A1,clase,Desarrollo Humano y Valores,Mtra. Alejandrina Janyna Aranda Ramírez,4,
pagina_04,1ro D DSM Matutino,1,D,general,1D DSM,Matutino,Lunes,13:20-14:10,FUP-1D-DSM-LAB.TI,FUP,LAB.TI,clase,Fundamentos de Programación,Dr. Julio César Alfaro Herrera,4,
pagina_04,1ro D DSM Matutino,1,D,general,1D DSM,Matutino,Martes,13:20-14:10,TUTORIA-1D-DSM-Edif. H2-A8,TUTORIA,Edif. H2-A8,tutoria,Tutoría,Dr. Julio César Alfaro Herrera,,
pagina_04,1ro D DSM Matutino,1,D,general,1D DSM,Matutino,Miércoles,13:20-14:10,CHD-1D-DSM-Edif. H2-A8,CHD,Edif. H2-A8,clase,Comunicación y Habilidades Digitales,Mtro. Juan Carlos De Los Santos Barbosa,5,
pagina_04,1ro D DSM Matutino,1,D,general,1D DSM,Matutino,Jueves,13:20-14:10,FUP-1D-DSM-Edif. H2-A8,FUP,Edif. H2-A8,clase,Fundamentos de Programación,Dr. Julio César Alfaro Herrera,4,
pagina_04,1ro D DSM Matutino,1,D,general,1D DSM,Matutino,Viernes,13:20-14:10,FUR-1D-DSM-LAB.TI,FUR,LAB.TI,clase,Fundamentos de Redes,Dra. Rosario Vargas Flores,4,
pagina_05,4to A DSM Matutino,4,A,general,4A DSM,Matutino,Lunes,07:00-07:50,ÉTP-4A-DSM-A4,ÉTP,A4,clase,Ética profesional,Mtro. Erik Roque Mendoza,4,
pagina_05,4to A DSM Matutino,4,A,general,4A DSM,Matutino,Miércoles,07:00-07:50,ÉTP-4A-DSM-A4,ÉTP,A4,clase,Ética profesional,Mtro. Erik Roque Mendoza,4,
pagina_05,4to A DSM Matutino,4,A,general,4A DSM,Matutino,Jueves,07:00-07:50,ÉTP-4A-DSM-A4,ÉTP,A4,clase,Ética profesional,Mtro. Erik Roque Mendoza,4,
pagina_05,4to A DSM Matutino,4,A,general,4A DSM,Matutino,Lunes,07:50-08:40,APW-4A-DSM-A2,APW,A2,clase,Aplicaciones Web,Dra. Yedid Curioca Varela,5,
pagina_05,4to A DSM Matutino,4,A,general,4A DSM,Matutino,Martes,07:50-08:40,IN4-4A-DSM-A4,IN4,A4,clase,Inglés IV,Mtra. Adriana Patricia Quizamán Olguín,5,
pagina_05,4to A DSM Matutino,4,A,general,4A DSM,Matutino,Miércoles,07:50-08:40,IN4-4A-DSM-A3,IN4,A3,clase,Inglés IV,Mtra. Adriana Patricia Quizamán Olguín,5,
pagina_05,4to A DSM Matutino,4,A,general,4A DSM,Matutino,Jueves,07:50-08:40,ÉTP-4A-DSM-A4,ÉTP,A4,clase,Ética profesional,Mtro. Erik Roque Mendoza,4,
pagina_05,4to A DSM Matutino,4,A,general,4A DSM,Matutino,Lunes,08:40-09:30,ESD-4A-DSM-LAB.CON,ESD,LAB.CON,clase,Estructura de datos,Mtra. Julieta Edith Hernández Guzmán,5,
pagina_05,4to A DSM Matutino,4,A,general,4A DSM,Matutino,Martes,08:40-09:30,IN4-4A-DSM-A4,IN4,A4,clase,Inglés IV,Mtra. Adriana Patricia Quizamán Olguín,5,
pagina_05,4to A DSM Matutino,4,A,general,4A DSM,Matutino,Miércoles,08:40-09:30,TUTORÍA-4A-DSM-Edif. H2-A8,TUTORÍA,Edif. H2-A8,tutoria,Tutoría,Dra. Yedid Curioca Varela,,
pagina_05,4to A DSM Matutino,4,A,general,4A DSM,Matutino,Jueves,08:40-09:30,APW-4A-DSM-LAB.TI,APW,LAB.TI,clase,Aplicaciones Web,Dra. Yedid Curioca Varela,5,
pagina_05,4to A DSM Matutino,4,A,general,4A DSM,Matutino,Viernes,08:40-09:30,AND-4A-DSM-LAB.CON,AND,LAB.CON,clase,Análisis y diseño de software,Mtra. Julieta Edith Hernández Guzmán,5,
pagina_05,4to A DSM Matutino,4,A,general,4A DSM,Matutino,Lunes,10:00-10:50,AND-4A-DSM-LAB.TI,AND,LAB.TI,clase,Análisis y diseño de software,Mtra. Julieta Edith Hernández Guzmán,5,
pagina_05,4to A DSM Matutino,4,A,general,4A DSM,Matutino,Martes,10:00-10:50,DEA-4A-DSM-A4,DEA,A4,clase,Desarrollo de aplicaciones Móviles,Dr. Héctor Bernardo Ortega Gines,6,
pagina_05,4to A DSM Matutino,4,A,general,4A DSM,Matutino,Miércoles,10:00-10:50,ESD-4A-DSM-A4,ESD,A4,clase,Estructura de datos,Mtra. Julieta Edith Hernández Guzmán,5,
pagina_05,4to A DSM Matutino,4,A,general,4A DSM,Matutino,Jueves,10:00-10:50,DEA-4A-DSM-A2,DEA,A2,clase,Desarrollo de aplicaciones Móviles,Dr. Héctor Bernardo Ortega Gines,6,
pagina_05,4to A DSM Matutino,4,A,general,4A DSM,Matutino,Viernes,10:00-10:50,DEA-4A-DSM-A4,DEA,A4,clase,Desarrollo de aplicaciones Móviles,Dr. Héctor Bernardo Ortega Gines,6,
pagina_05,4to A DSM Matutino,4,A,general,4A DSM,Matutino,Lunes,10:50-11:40,AND-4A-DSM-LAB.TI,AND,LAB.TI,clase,Análisis y diseño de software,Mtra. Julieta Edith Hernández Guzmán,5,
pagina_05,4to A DSM Matutino,4,A,general,4A DSM,Matutino,Martes,10:50-11:40,DEA-4A-DSM-A4,DEA,A4,clase,Desarrollo de aplicaciones Móviles,Dr. Héctor Bernardo Ortega Gines,6,
pagina_05,4to A DSM Matutino,4,A,general,4A DSM,Matutino,Miércoles,10:50-11:40,ESD-4A-DSM-A4,ESD,A4,clase,Estructura de datos,Mtra. Julieta Edith Hernández Guzmán,5,
pagina_05,4to A DSM Matutino,4,A,general,4A DSM,Matutino,Jueves,10:50-11:40,ESD-4A-DSM-A4,ESD,A4,clase,Estructura de datos,Mtra. Julieta Edith Hernández Guzmán,5,
pagina_05,4to A DSM Matutino,4,A,general,4A DSM,Matutino,Viernes,10:50-11:40,DEA-4A-DSM-A4,DEA,A4,clase,Desarrollo de aplicaciones Móviles,Dr. Héctor Bernardo Ortega Gines,6,
pagina_05,4to A DSM Matutino,4,A,general,4A DSM,Matutino,Lunes,11:40-12:30,CÁV-4A-DSM-A4,CÁV,A4,clase,Cálculo de varias variables,Mtro. José Alberto Castelán De La Rosa,5,
pagina_05,4to A DSM Matutino,4,A,general,4A DSM,Matutino,Martes,11:40-12:30,CÁV-4A-DSM-A4,CÁV,A4,clase,Cálculo de varias variables,Mtro. José Alberto Castelán De La Rosa,5,
pagina_05,4to A DSM Matutino,4,A,general,4A DSM,Matutino,Miércoles,11:40-12:30,DEA-4A-DSM-LAB.TI,DEA,LAB.TI,clase,Desarrollo de aplicaciones Móviles,Dr. Héctor Bernardo Ortega Gines,6,
pagina_05,4to A DSM Matutino,4,A,general,4A DSM,Matutino,Jueves,11:40-12:30,AND-4A-DSM-A4,AND,A4,clase,Análisis y diseño de software,Mtra. Julieta Edith Hernández Guzmán,5,
pagina_05,4to A DSM Matutino,4,A,general,4A DSM,Matutino,Viernes,11:40-12:30,ESD-4A-DSM-A4,ESD,A4,clase,Estructura de datos,Mtra. Julieta Edith Hernández Guzmán,5,
pagina_05,4to A DSM Matutino,4,A,general,4A DSM,Matutino,Lunes,12:30-13:20,IN4-4A-DSM-Edif. H2-A8,IN4,Edif. H2-A8,clase,Inglés IV,Mtra. Adriana Patricia Quizamán Olguín,5,
pagina_05,4to A DSM Matutino,4,A,general,4A DSM,Matutino,Martes,12:30-13:20,CÁV-4A-DSM-A4,CÁV,A4,clase,Cálculo de varias variables,Mtro. José Alberto Castelán De La Rosa,5,
pagina_05,4to A DSM Matutino,4,A,general,4A DSM,Matutino,Miércoles,12:30-13:20,CÁV-4A-DSM-A4,CÁV,A4,clase,Cálculo de varias variables,Mtro. José Alberto Castelán De La Rosa,5,
pagina_05,4to A DSM Matutino,4,A,general,4A DSM,Matutino,Jueves,12:30-13:20,AND-4A-DSM-A4,AND,A4,clase,Análisis y diseño de software,Mtra. Julieta Edith Hernández Guzmán,5,
pagina_05,4to A DSM Matutino,4,A,general,4A DSM,Matutino,Viernes,12:30-13:20,APW-4A-DSM-LAB.CON,APW,LAB.CON,clase,Aplicaciones Web,Dra. Yedid Curioca Varela,5,
pagina_05,4to A DSM Matutino,4,A,general,4A DSM,Matutino,Lunes,13:20-14:10,IN4-4A-DSM-Edif. H2-A8,IN4,Edif. H2-A8,clase,Inglés IV,Mtra. Adriana Patricia Quizamán Olguín,5,
pagina_05,4to A DSM Matutino,4,A,general,4A DSM,Matutino,Martes,13:20-14:10,APW-4A-DSM-A4,APW,A4,clase,Aplicaciones Web,Dra. Yedid Curioca Varela,5,
pagina_05,4to A DSM Matutino,4,A,general,4A DSM,Matutino,Miércoles,13:20-14:10,CÁV-4A-DSM-A4,CÁV,A4,clase,Cálculo de varias variables,Mtro. José Alberto Castelán De La Rosa,5,
pagina_05,4to A DSM Matutino,4,A,general,4A DSM,Matutino,Viernes,13:20-14:10,APW-4A-DSM-LAB.CON,APW,LAB.CON,clase,Aplicaciones Web,Dra. Yedid Curioca Varela,5,
pagina_06,4to B DSM Matutino,4,B,general,4B DSM,Matutino,Miércoles,07:00-07:50,IN4-4B-DSM-A3,IN4,A3,clase,Inglés IV,Mtra. Adriana Patricia Quizamán Olguín,5,
pagina_06,4to B DSM Matutino,4,B,general,4B DSM,Matutino,Jueves,07:00-07:50,IN4-4B-DSM-A3,IN4,A3,clase,Inglés IV,Mtra. Adriana Patricia Quizamán Olguín,5,
pagina_06,4to B DSM Matutino,4,B,general,4B DSM,Matutino,Viernes,07:00-07:50,IN4-4B-DSM-A2,IN4,A2,clase,Inglés IV,Mtra. Adriana Patricia Quizamán Olguín,5,
pagina_06,4to B DSM Matutino,4,B,general,4B DSM,Matutino,Martes,07:50-08:40,DEA-4B-DSM-LAB.CON,DEA,LAB.CON,clase,Desarrollo de aplicaciones Móviles,Dr. Héctor Bernardo Ortega Gines,6,
pagina_06,4to B DSM Matutino,4,B,general,4B DSM,Matutino,Jueves,07:50-08:40,IN4-4B-DSM-A3,IN4,A3,clase,Inglés IV,Mtra. Adriana Patricia Quizamán Olguín,5,
pagina_06,4to B DSM Matutino,4,B,general,4B DSM,Matutino,Viernes,07:50-08:40,ÉTP-4B-DSM-A3,ÉTP,A3,clase,Ética profesional,Mtro. Erik Roque Mendoza,5,
pagina_06,4to B DSM Matutino,4,B,general,4B DSM,Matutino,Lunes,08:40-09:30,ÉTP-4B-DSM-A4,ÉTP,A4,clase,Ética profesional,Mtro. Erik Roque Mendoza,5,
pagina_06,4to B DSM Matutino,4,B,general,4B DSM,Matutino,Martes,08:40-09:30,DEA-4B-DSM-LAB.CON,DEA,LAB.CON,clase,Desarrollo de aplicaciones Móviles,Dr. Héctor Bernardo Ortega Gines,6,
pagina_06,4to B DSM Matutino,4,B,general,4B DSM,Matutino,Miércoles,08:40-09:30,AND-4B-DSM-LAB.CON,AND,LAB.CON,clase,Análisis y diseño de software,Mtra. Julieta Edith Hernández Guzmán,5,
pagina_06,4to B DSM Matutino,4,B,general,4B DSM,Matutino,Jueves,08:40-09:30,ESD-4B-DSM-LAB.CON,ESD,LAB.CON,clase,Estructura de datos,Mtra. Julieta Edith Hernández Guzmán,5,
pagina_06,4to B DSM Matutino,4,B,general,4B DSM,Matutino,Viernes,08:40-09:30,ÉTP-4B-DSM-A3,ÉTP,A3,clase,Ética profesional,Mtro. Erik Roque Mendoza,5,
pagina_06,4to B DSM Matutino,4,B,general,4B DSM,Matutino,Lunes,10:00-10:50,IN4-4B-DSM-A3,IN4,A3,clase,Inglés IV,Mtra. Adriana Patricia Quizamán Olguín,5,
pagina_06,4to B DSM Matutino,4,B,general,4B DSM,Matutino,Martes,10:00-10:50,ESD-4B-DSM-LAB.CON,ESD,LAB.CON,clase,Estructura de datos,Mtra. Julieta Edith Hernández Guzmán,5,
pagina_06,4to B DSM Matutino,4,B,general,4B DSM,Matutino,Miércoles,10:00-10:50,DEA-4B-DSM-LAB.TI,DEA,LAB.TI,clase,Desarrollo de aplicaciones Móviles,Dr. Héctor Bernardo Ortega Gines,6,
pagina_06,4to B DSM Matutino,4,B,general,4B DSM,Matutino,Jueves,10:00-10:50,ÉTP-4B-DSM-A4,ÉTP,A4,clase,Ética profesional,Mtro. Erik Roque Mendoza,5,
pagina_06,4to B DSM Matutino,4,B,general,4B DSM,Matutino,Viernes,10:00-10:50,CÁV-4B-DSM-A3,CÁV,A3,clase,Cálculo de varias variables,Mtro. José Alberto Castelán De La Rosa,5,
pagina_06,4to B DSM Matutino,4,B,general,4B DSM,Matutino,Lunes,10:50-11:40,APW-4B-DSM-LAB.CON,APW,LAB.CON,clase,Aplicaciones Web,Dra. Yedid Curioca Varela,5,
pagina_06,4to B DSM Matutino,4,B,general,4B DSM,Matutino,Martes,10:50-11:40,ESD-4B-DSM-LAB.CON,ESD,LAB.CON,clase,Estructura de datos,Mtra. Julieta Edith Hernández Guzmán,5,
pagina_06,4to B DSM Matutino,4,B,general,4B DSM,Matutino,Miércoles,10:50-11:40,DEA-4B-DSM-LAB.TI,DEA,LAB.TI,clase,Desarrollo de aplicaciones Móviles,Dr. Héctor Bernardo Ortega Gines,6,
pagina_06,4to B DSM Matutino,4,B,general,4B DSM,Matutino,Jueves,10:50-11:40,APW-4B-DSM-LAB.TI,APW,LAB.TI,clase,Aplicaciones Web,Dra. Yedid Curioca Varela,5,
pagina_06,4to B DSM Matutino,4,B,general,4B DSM,Matutino,Viernes,10:50-11:40,CÁV-4B-DSM-A3,CÁV,A3,clase,Cálculo de varias variables,Mtro. José Alberto Castelán De La Rosa,5,
pagina_06,4to B DSM Matutino,4,B,general,4B DSM,Matutino,Lunes,11:40-12:30,ESD-4B-DSM-A3,ESD,A3,clase,Estructura de datos,Mtra. Julieta Edith Hernández Guzmán,5,
pagina_06,4to B DSM Matutino,4,B,general,4B DSM,Matutino,Martes,11:40-12:30,AND-4B-DSM-LAB.CON,AND,LAB.CON,clase,Análisis y diseño de software,Mtra. Julieta Edith Hernández Guzmán,5,
pagina_06,4to B DSM Matutino,4,B,general,4B DSM,Matutino,Miércoles,11:40-12:30,APW-4B-DSM-LAB.CON,APW,LAB.CON,clase,Aplicaciones Web,Dra. Yedid Curioca Varela,5,
pagina_06,4to B DSM Matutino,4,B,general,4B DSM,Matutino,Jueves,11:40-12:30,CÁV-4B-DSM-A3,CÁV,A3,clase,Cálculo de varias variables,Mtro. José Alberto Castelán De La Rosa,5,
pagina_06,4to B DSM Matutino,4,B,general,4B DSM,Matutino,Viernes,11:40-12:30,CÁV-4B-DSM-A3,CÁV,A3,clase,Cálculo de varias variables,Mtro. José Alberto Castelán De La Rosa,5,
pagina_06,4to B DSM Matutino,4,B,general,4B DSM,Matutino,Lunes,12:30-13:20,ESD-4B-DSM-A3,ESD,A3,clase,Estructura de datos,Mtra. Julieta Edith Hernández Guzmán,5,
pagina_06,4to B DSM Matutino,4,B,general,4B DSM,Matutino,Martes,12:30-13:20,AND-4B-DSM-LAB.CON,AND,LAB.CON,clase,Análisis y diseño de software,Mtra. Julieta Edith Hernández Guzmán,5,
pagina_06,4to B DSM Matutino,4,B,general,4B DSM,Matutino,Miércoles,12:30-13:20,APW-4B-DSM-LAB.CON,APW,LAB.CON,clase,Aplicaciones Web,Dra. Yedid Curioca Varela,5,
pagina_06,4to B DSM Matutino,4,B,general,4B DSM,Matutino,Jueves,12:30-13:20,CÁV-4B-DSM-A3,CÁV,A3,clase,Cálculo de varias variables,Mtro. José Alberto Castelán De La Rosa,5,
pagina_06,4to B DSM Matutino,4,B,general,4B DSM,Matutino,Viernes,12:30-13:20,AND-4B-DSM-A3,AND,A3,clase,Análisis y diseño de software,Mtra. Julieta Edith Hernández Guzmán,5,
pagina_06,4to B DSM Matutino,4,B,general,4B DSM,Matutino,Lunes,13:20-14:10,DEA-4B-DSM-A3,DEA,A3,clase,Desarrollo de aplicaciones Móviles,Dr. Héctor Bernardo Ortega Gines,6,
pagina_06,4to B DSM Matutino,4,B,general,4B DSM,Matutino,Martes,13:20-14:10,TUTORÍA-4B-DSM-A3,TUTORÍA,A3,tutoria,Tutoría,Mtra. Julieta Edith Hernández Guzmán,,
pagina_06,4to B DSM Matutino,4,B,general,4B DSM,Matutino,Miércoles,13:20-14:10,APW-4B-DSM-LAB.CON,APW,LAB.CON,clase,Aplicaciones Web,Dra. Yedid Curioca Varela,5,
pagina_06,4to B DSM Matutino,4,B,general,4B DSM,Matutino,Jueves,13:20-14:10,DEA-4B-DSM-A3,DEA,A3,clase,Desarrollo de aplicaciones Móviles,Dr. Héctor Bernardo Ortega Gines,6,
pagina_06,4to B DSM Matutino,4,B,general,4B DSM,Matutino,Viernes,13:20-14:10,AND-4B-DSM-A3,AND,A3,clase,Análisis y diseño de software,Mtra. Julieta Edith Hernández Guzmán,5,
pagina_07,4to C DSM Matutino,4,C,general,4C DSM,Matutino,Lunes,07:00-07:50,IN4-4C-DSM-A3,IN4,A3,clase,Inglés IV,Mtra. Adriana Patricia Quizamán Olguín,5,
pagina_07,4to C DSM Matutino,4,C,general,4C DSM,Matutino,Martes,07:00-07:50,DEA-4C-DSM-LAB.CON,DEA,LAB.CON,clase,Desarrollo de aplicaciones Móviles,Dr. Héctor Bernardo Ortega Gines,6,
pagina_07,4to C DSM Matutino,4,C,general,4C DSM,Matutino,Miércoles,07:00-07:50,AND-4C-DSM-LAB.TI,AND,LAB.TI,clase,Análisis y diseño de software,Dra. Rosario Vargas Flores,5,
pagina_07,4to C DSM Matutino,4,C,general,4C DSM,Matutino,Jueves,07:00-07:50,AND-4C-DSM-LAB.TI,AND,LAB.TI,clase,Análisis y diseño de software,Dra. Rosario Vargas Flores,5,
pagina_07,4to C DSM Matutino,4,C,general,4C DSM,Matutino,Viernes,07:00-07:50,AND-4C-DSM-LAB.TI,AND,LAB.TI,clase,Análisis y diseño de software,Dra. Rosario Vargas Flores,5,
pagina_07,4to C DSM Matutino,4,C,general,4C DSM,Matutino,Lunes,07:50-08:40,ÉTP-4C-DSM-A4,ÉTP,A4,clase,Ética profesional,Mtro. Erik Roque Mendoza,5,
pagina_07,4to C DSM Matutino,4,C,general,4C DSM,Matutino,Martes,07:50-08:40,ÉTP-4C-DSM-A3,ÉTP,A3,clase,Ética profesional,Mtro. Erik Roque Mendoza,5,
pagina_07,4to C DSM Matutino,4,C,general,4C DSM,Matutino,Miércoles,07:50-08:40,AND-4C-DSM-LAB.TI,AND,LAB.TI,clase,Análisis y diseño de software,Dra. Rosario Vargas Flores,5,
pagina_07,4to C DSM Matutino,4,C,general,4C DSM,Matutino,Jueves,07:50-08:40,AND-4C-DSM-LAB.TI,AND,LAB.TI,clase,Análisis y diseño de software,Dra. Rosario Vargas Flores,5,
pagina_07,4to C DSM Matutino,4,C,general,4C DSM,Matutino,Viernes,07:50-08:40,IN4-4C-DSM-A2,IN4,A2,clase,Inglés IV,Mtra. Adriana Patricia Quizamán Olguín,5,
pagina_07,4to C DSM Matutino,4,C,general,4C DSM,Matutino,Lunes,08:40-09:30,ESD-4C-DSM-A2,ESD,A2,clase,Estructura de datos,Dra. Yedid Curioca Varela,5,
pagina_07,4to C DSM Matutino,4,C,general,4C DSM,Matutino,Martes,08:40-09:30,ÉTP-4C-DSM-A3,ÉTP,A3,clase,Ética profesional,Mtro. Erik Roque Mendoza,5,
pagina_07,4to C DSM Matutino,4,C,general,4C DSM,Matutino,Miércoles,08:40-09:30,IN4-4C-DSM-A3,IN4,A3,clase,Inglés IV,Mtra. Adriana Patricia Quizamán Olguín,5,
pagina_07,4to C DSM Matutino,4,C,general,4C DSM,Matutino,Jueves,08:40-09:30,ÉTP-4C-DSM-A4,ÉTP,A4,clase,Ética profesional,Mtro. Erik Roque Mendoza,5,
pagina_07,4to C DSM Matutino,4,C,general,4C DSM,Matutino,Viernes,08:40-09:30,TUTORÍA-4C-DSM-Edif. H2-A8,TUTORÍA,Edif. H2-A8,tutoria,Tutoría,Dra. Yedid Curioca Varela,,
pagina_07,4to C DSM Matutino,4,C,general,4C DSM,Matutino,Lunes,10:00-10:50,APW-4C-DSM-LAB.CON,APW,LAB.CON,clase,Aplicaciones Web,Dra. Yedid Curioca Varela,5,
pagina_07,4to C DSM Matutino,4,C,general,4C DSM,Matutino,Martes,10:00-10:50,ESD-4C-DSM-LAB.TI,ESD,LAB.TI,clase,Estructura de datos,Dra. Yedid Curioca Varela,5,
pagina_07,4to C DSM Matutino,4,C,general,4C DSM,Matutino,Miércoles,10:00-10:50,APW-4C-DSM-LAB.CON,APW,LAB.CON,clase,Aplicaciones Web,Dra. Yedid Curioca Varela,5,
pagina_07,4to C DSM Matutino,4,C,general,4C DSM,Matutino,Jueves,10:00-10:50,ESD-4C-DSM-LAB.TI,ESD,LAB.TI,clase,Estructura de datos,Dra. Yedid Curioca Varela,5,
pagina_07,4to C DSM Matutino,4,C,general,4C DSM,Matutino,Viernes,10:00-10:50,APW-4C-DSM-LAB.TI,APW,LAB.TI,clase,Aplicaciones Web,Dra. Yedid Curioca Varela,5,
pagina_07,4to C DSM Matutino,4,C,general,4C DSM,Matutino,Lunes,10:50-11:40,DEA-4C-DSM-A2,DEA,A2,clase,Desarrollo de aplicaciones Móviles,Dr. Héctor Bernardo Ortega Gines,6,
pagina_07,4to C DSM Matutino,4,C,general,4C DSM,Matutino,Martes,10:50-11:40,ESD-4C-DSM-LAB.TI,ESD,LAB.TI,clase,Estructura de datos,Dra. Yedid Curioca Varela,5,
pagina_07,4to C DSM Matutino,4,C,general,4C DSM,Matutino,Miércoles,10:50-11:40,APW-4C-DSM-LAB.CON,APW,LAB.CON,clase,Aplicaciones Web,Dra. Yedid Curioca Varela,5,
pagina_07,4to C DSM Matutino,4,C,general,4C DSM,Matutino,Jueves,10:50-11:40,DEA-4C-DSM-A2,DEA,A2,clase,Desarrollo de aplicaciones Móviles,Dr. Héctor Bernardo Ortega Gines,6,
pagina_07,4to C DSM Matutino,4,C,general,4C DSM,Matutino,Viernes,10:50-11:40,APW-4C-DSM-LAB.TI,APW,LAB.TI,clase,Aplicaciones Web,Dra. Yedid Curioca Varela,5,
pagina_07,4to C DSM Matutino,4,C,general,4C DSM,Matutino,Lunes,11:40-12:30,DEA-4C-DSM-A2,DEA,A2,clase,Desarrollo de aplicaciones Móviles,Dr. Héctor Bernardo Ortega Gines,6,
pagina_07,4to C DSM Matutino,4,C,general,4C DSM,Matutino,Martes,11:40-12:30,ESD-4C-DSM-LAB.TI,ESD,LAB.TI,clase,Estructura de datos,Dra. Yedid Curioca Varela,5,
pagina_07,4to C DSM Matutino,4,C,general,4C DSM,Matutino,Miércoles,11:40-12:30,CÁV-4C-DSM-A4,CÁV,A4,clase,Cálculo de varias variables,Mtro. José Alberto Castelán De La Rosa,5,
pagina_07,4to C DSM Matutino,4,C,general,4C DSM,Matutino,Jueves,11:40-12:30,DEA-4C-DSM-A2,DEA,A2,clase,Desarrollo de aplicaciones Móviles,Dr. Héctor Bernardo Ortega Gines,6,
pagina_07,4to C DSM Matutino,4,C,general,4C DSM,Matutino,Viernes,11:40-12:30,DEA-4C-DSM-A2,DEA,A2,clase,Desarrollo de aplicaciones Móviles,Dr. Héctor Bernardo Ortega Gines,6,
pagina_07,4to C DSM Matutino,4,C,general,4C DSM,Matutino,Lunes,12:30-13:20,CÁV-4C-DSM-A2,CÁV,A2,clase,Cálculo de varias variables,Mtro. José Alberto Castelán De La Rosa,5,
pagina_07,4to C DSM Matutino,4,C,general,4C DSM,Matutino,Jueves,12:30-13:20,IN4-4C-DSM-A2,IN4,A2,clase,Inglés IV,Mtra. Adriana Patricia Quizamán Olguín,5,
pagina_07,4to C DSM Matutino,4,C,general,4C DSM,Matutino,Viernes,12:30-13:20,CÁV-4C-DSM-A2,CÁV,A2,clase,Cálculo de varias variables,Mtro. José Alberto Castelán De La Rosa,5,
pagina_07,4to C DSM Matutino,4,C,general,4C DSM,Matutino,Lunes,13:20-14:10,CÁV-4C-DSM-A2,CÁV,A2,clase,Cálculo de varias variables,Mtro. José Alberto Castelán De La Rosa,5,
pagina_07,4to C DSM Matutino,4,C,general,4C DSM,Matutino,Jueves,13:20-14:10,IN4-4C-DSM-A2,IN4,A2,clase,Inglés IV,Mtra. Adriana Patricia Quizamán Olguín,5,
pagina_07,4to C DSM Matutino,4,C,general,4C DSM,Matutino,Viernes,13:20-14:10,CÁV-4C-DSM-A2,CÁV,A2,clase,Cálculo de varias variables,Mtro. José Alberto Castelán De La Rosa,5,
pagina_08,7mo A DSM Vespertino,7,A,general,7A DGS,Vespertino,Lunes,14:10-15:00,FPT-7A-DGS-A4,FPT,A4,clase,Formulación de Proyectos de Tecnología,Mtro. José Alberto Castelán de la Rosa J,4,
pagina_08,7mo A DSM Vespertino,7,A,general,7A DGS,Vespertino,Martes,14:10-15:00,ETI-7A-DGS-A1,ETI,A1,clase,Ética y Legislación en Tecnologías de la Información,Dra. Yedid Curioca Varela,4,
pagina_08,7mo A DSM Vespertino,7,A,general,7A DGS,Vespertino,Miércoles,14:10-15:00,OPT-7A-DGS-LAB.TI,OPT,LAB.TI,clase,Optativa I (Bases de Datos en la Nube),Dr. Héctor Bernardo Ortega Ginés,6,
pagina_08,7mo A DSM Vespertino,7,A,general,7A DGS,Vespertino,Jueves,14:10-15:00,ETI-7A-DGS-A1,ETI,A1,clase,Ética y Legislación en Tecnologías de la Información,Dra. Yedid Curioca Varela,4,
pagina_08,7mo A DSM Vespertino,7,A,general,7A DGS,Vespertino,Viernes,14:10-15:00,FPT-7A-DGS-LAB.TI,FPT,LAB.TI,clase,Formulación de Proyectos de Tecnología,Mtro. José Alberto Castelán de la Rosa J,4,
pagina_08,7mo A DSM Vespertino,7,A,general,7A DGS,Vespertino,Lunes,15:00-15:50,OPT-7A-DGS-A4,OPT,A4,clase,Optativa I (Bases de Datos en la Nube),Dr. Héctor Bernardo Ortega Ginés,6,
pagina_08,7mo A DSM Vespertino,7,A,general,7A DGS,Vespertino,Martes,15:00-15:50,ETI-7A-DGS-A1,ETI,A1,clase,Ética y Legislación en Tecnologías de la Información,Dra. Yedid Curioca Varela,4,
pagina_08,7mo A DSM Vespertino,7,A,general,7A DGS,Vespertino,Miércoles,15:00-15:50,OPT-7A-DGS-LAB.TI,OPT,LAB.TI,clase,Optativa I (Bases de Datos en la Nube),Dr. Héctor Bernardo Ortega Ginés,6,
pagina_08,7mo A DSM Vespertino,7,A,general,7A DGS,Vespertino,Jueves,15:00-15:50,ETI-7A-DGS-A1,ETI,A1,clase,Ética y Legislación en Tecnologías de la Información,Dra. Yedid Curioca Varela,4,
pagina_08,7mo A DSM Vespertino,7,A,general,7A DGS,Vespertino,Viernes,15:00-15:50,FPT-7A-DGS-LAB.TI,FPT,LAB.TI,clase,Formulación de Proyectos de Tecnología,Mtro. José Alberto Castelán de la Rosa J,4,
pagina_08,7mo A DSM Vespertino,7,A,general,7A DGS,Vespertino,Lunes,15:50-16:40,OPT-7A-DGS-A4,OPT,A4,clase,Optativa I (Bases de Datos en la Nube),Dr. Héctor Bernardo Ortega Ginés,6,
pagina_08,7mo A DSM Vespertino,7,A,general,7A DGS,Vespertino,Martes,15:50-16:40,FIA-7A-DGS-LAB.TI,FIA,LAB.TI,clase,Fundamentos de Inteligencia Artificial,Dr. Julio César Alfaro Herrera,6,
pagina_08,7mo A DSM Vespertino,7,A,general,7A DGS,Vespertino,Miércoles,15:50-16:40,FPT-7A-DGS-A4,FPT,A4,clase,Formulación de Proyectos de Tecnología,Mtro. José Alberto Castelán de la Rosa J,4,
pagina_08,7mo A DSM Vespertino,7,A,general,7A DGS,Vespertino,Jueves,15:50-16:40,OPT-7A-DGS-LAB.TI,OPT,LAB.TI,clase,Optativa I (Bases de Datos en la Nube),Dr. Héctor Bernardo Ortega Ginés,6,
pagina_08,7mo A DSM Vespertino,7,A,general,7A DGS,Vespertino,Viernes,15:50-16:40,SEI-7A-DGS-LAB.TI,SEI,LAB.TI,clase,Seguridad Informática,Dr. Octavio Sánchez Delgado,6,
pagina_08,7mo A DSM Vespertino,7,A,general,7A DGS,Vespertino,Lunes,16:40-17:30,TUTORÍA-7A-A4,TUTORÍA,A4,tutoria,Tutoría,Dr. Octavio Sánchez Delgado,,
pagina_08,7mo A DSM Vespertino,7,A,general,7A DGS,Vespertino,Martes,16:40-17:30,FIA-7A-DGS-LAB.TI,FIA,LAB.TI,clase,Fundamentos de Inteligencia Artificial,Dr. Julio César Alfaro Herrera,6,
pagina_08,7mo A DSM Vespertino,7,A,general,7A DGS,Vespertino,Miércoles,16:40-17:30,SEI-7A-DGS-A4,SEI,A4,clase,Seguridad Informática,Dr. Octavio Sánchez Delgado,6,
pagina_08,7mo A DSM Vespertino,7,A,general,7A DGS,Vespertino,Jueves,16:40-17:30,OPT-7A-DGS-LAB.TI,OPT,LAB.TI,clase,Optativa I (Bases de Datos en la Nube),Dr. Héctor Bernardo Ortega Ginés,6,
pagina_08,7mo A DSM Vespertino,7,A,general,7A DGS,Vespertino,Viernes,16:40-17:30,SEI-7A-DGS-LAB.TI,SEI,LAB.TI,clase,Seguridad Informática,Dr. Octavio Sánchez Delgado,6,
pagina_08,7mo A DSM Vespertino,7,A,general,7A DGS,Vespertino,Lunes,17:30-18:20,SEI-7A-DGS-LAB.TI,SEI,LAB.TI,clase,Seguridad Informática,Dr. Octavio Sánchez Delgado,6,
pagina_08,7mo A DSM Vespertino,7,A,general,7A DGS,Vespertino,Martes,17:30-18:20,SEI-7A-DGS-LAB.TI,SEI,LAB.TI,clase,Seguridad Informática,Dr. Octavio Sánchez Delgado,6,
pagina_08,7mo A DSM Vespertino,7,A,general,7A DGS,Vespertino,Miércoles,17:30-18:20,HAG-7A-DGS-A2,HAG,A2,clase,Habilidades Gerenciales,Mtro. José María Muñoz Hernández,4,
pagina_08,7mo A DSM Vespertino,7,A,general,7A DGS,Vespertino,Jueves,17:30-18:20,FIA-7A-DGS-LAB.CON,FIA,LAB.CON,clase,Fundamentos de Inteligencia Artificial,Dr. Julio César Alfaro Herrera,6,
pagina_08,7mo A DSM Vespertino,7,A,general,7A DGS,Vespertino,Viernes,17:30-18:20,FIA-7A-DGS-LAB.CON,FIA,LAB.CON,clase,Fundamentos de Inteligencia Artificial,Dr. Julio César Alfaro Herrera,6,
pagina_08,7mo A DSM Vespertino,7,A,general,7A DGS,Vespertino,Lunes,18:20-19:10,SEI-7A-DGS-LAB.TI,SEI,LAB.TI,clase,Seguridad Informática,Dr. Octavio Sánchez Delgado,6,
pagina_08,7mo A DSM Vespertino,7,A,general,7A DGS,Vespertino,Martes,18:20-19:10,IN6-7A-DGS-A1,IN6,A1,clase,Inglés VI,Mtra. Sonia Martínez Quintero,5,
pagina_08,7mo A DSM Vespertino,7,A,general,7A DGS,Vespertino,Miércoles,18:20-19:10,HAG-7A-DGS-A2,HAG,A2,clase,Habilidades Gerenciales,Mtro. José María Muñoz Hernández,4,
pagina_08,7mo A DSM Vespertino,7,A,general,7A DGS,Vespertino,Jueves,18:20-19:10,FIA-7A-DGS-LAB.CON,FIA,LAB.CON,clase,Fundamentos de Inteligencia Artificial,Dr. Julio César Alfaro Herrera,6,
pagina_08,7mo A DSM Vespertino,7,A,general,7A DGS,Vespertino,Viernes,18:20-19:10,FIA-7A-DGS-LAB.CON,FIA,LAB.CON,clase,Fundamentos de Inteligencia Artificial,Dr. Julio César Alfaro Herrera,6,
pagina_08,7mo A DSM Vespertino,7,A,general,7A DGS,Vespertino,Lunes,19:10-20:00,IN6-7A-DGS-A2,IN6,A2,clase,Inglés VI,Mtra. Sonia Martínez Quintero,5,
pagina_08,7mo A DSM Vespertino,7,A,general,7A DGS,Vespertino,Martes,19:10-20:00,IN6-7A-DGS-A1,IN6,A1,clase,Inglés VI,Mtra. Sonia Martínez Quintero,5,
pagina_08,7mo A DSM Vespertino,7,A,general,7A DGS,Vespertino,Miércoles,19:10-20:00,IN6-7A-DGS-A1,IN6,A1,clase,Inglés VI,Mtra. Sonia Martínez Quintero,5,
pagina_08,7mo A DSM Vespertino,7,A,general,7A DGS,Vespertino,Jueves,19:10-20:00,IN6-7A-DGS-A3,IN6,A3,clase,Inglés VI,Mtra. Sonia Martínez Quintero,5,
pagina_08,7mo A DSM Vespertino,7,A,general,7A DGS,Vespertino,Viernes,19:10-20:00,HAG-7A-DGS-A4,HAG,A4,clase,Habilidades Gerenciales,Mtro. José María Muñoz Hernández,4,
pagina_08,7mo A DSM Vespertino,7,A,general,7A DGS,Vespertino,Viernes,20:00-20:50,HAG-7A-DGS-A4,HAG,A4,clase,Habilidades Gerenciales,Mtro. José María Muñoz Hernández,4,
pagina_09,7mo B DSM Vespertino,7,B,general,7B DGS,Vespertino,Lunes,14:10-15:00,ETI-7B-TIID-A1,ETI,A1,clase,Ética y Legislación en Tecnologías de la Información,Dra. Yedid Curioca Varela (texto poco legible),4,
pagina_09,7mo B DSM Vespertino,7,B,general,7B DGS,Vespertino,Martes,14:10-15:00,SEI-7B-TIID-LAB.CON,SEI,LAB.CON,clase,Seguridad Informática,Dr. Octavio Sánchez Delgado,6,
pagina_09,7mo B DSM Vespertino,7,B,general,7B DGS,Vespertino,Miércoles,14:10-15:00,FPT-7B-TIID-A1,FPT,A1,clase,Formulación de Proyectos de Tecnología,Mtro. José Alberto Castelán de la Rosa J,4,
pagina_09,7mo B DSM Vespertino,7,B,general,7B DGS,Vespertino,Jueves,14:10-15:00,OPT-7B-TIID-LAB.CON,OPT,LAB.CON,clase,Optativa I (Bases de Datos en la Nube),Mtro. José Miguel Carrera Pacheco,6,
pagina_09,7mo B DSM Vespertino,7,B,general,7B DGS,Vespertino,Viernes,14:10-15:00,ETI-7B-TIID-LAB.CON,ETI,LAB.CON,clase,Ética y Legislación en Tecnologías de la Información,Dra. Yedid Curioca Varela (texto poco legible),4,
pagina_09,7mo B DSM Vespertino,7,B,general,7B DGS,Vespertino,Lunes,15:00-15:50,ETI-7B-TIID-A1,ETI,A1,clase,Ética y Legislación en Tecnologías de la Información,Dra. Yedid Curioca Varela (texto poco legible),4,
pagina_09,7mo B DSM Vespertino,7,B,general,7B DGS,Vespertino,Martes,15:00-15:50,FPT-7B-TIID-LAB.CON,FPT,LAB.CON,clase,Formulación de Proyectos de Tecnología,Mtro. José Alberto Castelán de la Rosa J,4,
pagina_09,7mo B DSM Vespertino,7,B,general,7B DGS,Vespertino,Miércoles,15:00-15:50,SEI-7B-TIID-A1,SEI,A1,clase,Seguridad Informática,Dr. Octavio Sánchez Delgado,6,
pagina_09,7mo B DSM Vespertino,7,B,general,7B DGS,Vespertino,Jueves,15:00-15:50,OPT-7B-TIID-LAB.CON,OPT,LAB.CON,clase,Optativa I (Bases de Datos en la Nube),Mtro. José Miguel Carrera Pacheco,6,
pagina_09,7mo B DSM Vespertino,7,B,general,7B DGS,Vespertino,Viernes,15:00-15:50,ETI-7B-TIID-LAB.CON,ETI,LAB.CON,clase,Ética y Legislación en Tecnologías de la Información,Dra. Yedid Curioca Varela (texto poco legible),4,
pagina_09,7mo B DSM Vespertino,7,B,general,7B DGS,Vespertino,Lunes,15:50-16:40,FPT-7B-TIID-A1,FPT,A1,clase,Formulación de Proyectos de Tecnología,Mtro. José Alberto Castelán de la Rosa J,4,
pagina_09,7mo B DSM Vespertino,7,B,general,7B DGS,Vespertino,Martes,15:50-16:40,FPT-7B-TIID-LAB.CON,FPT,LAB.CON,clase,Formulación de Proyectos de Tecnología,Mtro. José Alberto Castelán de la Rosa J,4,
pagina_09,7mo B DSM Vespertino,7,B,general,7B DGS,Vespertino,Miércoles,15:50-16:40,SEI-7B-TIID-A1,SEI,A1,clase,Seguridad Informática,Dr. Octavio Sánchez Delgado,6,
pagina_09,7mo B DSM Vespertino,7,B,general,7B DGS,Vespertino,Jueves,15:50-16:40,FIA-7B-TIID-LAB.CON,FIA,LAB.CON,clase,Fundamentos de Inteligencia Artificial,Dr. Julio César Alfaro Herrera,6,
pagina_09,7mo B DSM Vespertino,7,B,general,7B DGS,Vespertino,Viernes,15:50-16:40,FIA-7B-TIID-LAB.CON,FIA,LAB.CON,clase,Fundamentos de Inteligencia Artificial,Dr. Julio César Alfaro Herrera,6,
pagina_09,7mo B DSM Vespertino,7,B,general,7B DGS,Vespertino,Lunes,16:40-17:30,IN6-7B-TIID-A1,IN6,A1,clase,Inglés VI,Mtra. Sonia Martínez Quintero,5,
pagina_09,7mo B DSM Vespertino,7,B,general,7B DGS,Vespertino,Martes,16:40-17:30,IN6-7B-TIID-A2,IN6,A2,clase,Inglés VI,Mtra. Sonia Martínez Quintero,5,
pagina_09,7mo B DSM Vespertino,7,B,general,7B DGS,Vespertino,Miércoles,16:40-17:30,TUTORÍA-7B-TIID-LAB.CON,TUTORÍA,LAB.CON,tutoria,Tutoría,Dr. Julio César Alfaro Herrera,,
pagina_09,7mo B DSM Vespertino,7,B,general,7B DGS,Vespertino,Jueves,16:40-17:30,FIA-7B-TIID-LAB.CON,FIA,LAB.CON,clase,Fundamentos de Inteligencia Artificial,Dr. Julio César Alfaro Herrera,6,
pagina_09,7mo B DSM Vespertino,7,B,general,7B DGS,Vespertino,Viernes,16:40-17:30,FIA-7B-TIID-LAB.CON,FIA,LAB.CON,clase,Fundamentos de Inteligencia Artificial,Dr. Julio César Alfaro Herrera,6,
pagina_09,7mo B DSM Vespertino,7,B,general,7B DGS,Vespertino,Lunes,17:30-18:20,FIA-7B-TIID-LAB.CON,FIA,LAB.CON,clase,Fundamentos de Inteligencia Artificial,Dr. Julio César Alfaro Herrera,6,
pagina_09,7mo B DSM Vespertino,7,B,general,7B DGS,Vespertino,Martes,17:30-18:20,OPT-7B-TIID-LAB.CON,OPT,LAB.CON,clase,Optativa I (Bases de Datos en la Nube),Mtro. José Miguel Carrera Pacheco,6,
pagina_09,7mo B DSM Vespertino,7,B,general,7B DGS,Vespertino,Miércoles,17:30-18:20,IN6-7B-TIID-A1,IN6,A1,clase,Inglés VI,Mtra. Sonia Martínez Quintero,5,
pagina_09,7mo B DSM Vespertino,7,B,general,7B DGS,Vespertino,Jueves,17:30-18:20,SEI-7B-TIID-LAB.TI,SEI,LAB.TI,clase,Seguridad Informática,Dr. Octavio Sánchez Delgado,6,
pagina_09,7mo B DSM Vespertino,7,B,general,7B DGS,Vespertino,Viernes,17:30-18:20,SEI-7B-TIID-LAB.TI,SEI,LAB.TI,clase,Seguridad Informática,Dr. Octavio Sánchez Delgado,6,
pagina_09,7mo B DSM Vespertino,7,B,general,7B DGS,Vespertino,Lunes,18:20-19:10,FIA-7B-TIID-LAB.CON,FIA,LAB.CON,clase,Fundamentos de Inteligencia Artificial,Dr. Julio César Alfaro Herrera,6,
pagina_09,7mo B DSM Vespertino,7,B,general,7B DGS,Vespertino,Martes,18:20-19:10,OPT-7B-TIID-LAB.CON,OPT,LAB.CON,clase,Optativa I (Bases de Datos en la Nube),Mtro. José Miguel Carrera Pacheco,6,
pagina_09,7mo B DSM Vespertino,7,B,general,7B DGS,Vespertino,Miércoles,18:20-19:10,IN6-7B-TIID-A1,IN6,A1,clase,Inglés VI,Mtra. Sonia Martínez Quintero,5,
pagina_09,7mo B DSM Vespertino,7,B,general,7B DGS,Vespertino,Jueves,18:20-19:10,IN6-7B-TIID-A3,IN6,A3,clase,Inglés VI,Mtra. Sonia Martínez Quintero,5,
pagina_09,7mo B DSM Vespertino,7,B,general,7B DGS,Vespertino,Viernes,18:20-19:10,SEI-7B-TIID-LAB.TI,SEI,LAB.TI,clase,Seguridad Informática,Dr. Octavio Sánchez Delgado,6,
pagina_09,7mo B DSM Vespertino,7,B,general,7B DGS,Vespertino,Lunes,19:10-20:00,HAG-7B-TIID-A1,HAG,A1,clase,Habilidades Gerenciales,Mtro. José María Muñoz Hernández,4,
pagina_09,7mo B DSM Vespertino,7,B,general,7B DGS,Vespertino,Martes,19:10-20:00,HAG-7B-TIID-A3,HAG,A3,clase,Habilidades Gerenciales,Mtro. José María Muñoz Hernández,4,
pagina_09,7mo B DSM Vespertino,7,B,general,7B DGS,Vespertino,Miércoles,19:10-20:00,OPT-7B-TIID-LAB.CON,OPT,LAB.CON,clase,Optativa I (Bases de Datos en la Nube),Mtro. José Miguel Carrera Pacheco,6,
pagina_09,7mo B DSM Vespertino,7,B,general,7B DGS,Vespertino,Lunes,20:00-20:50,HAG-7B-TIID-A1,HAG,A1,clase,Habilidades Gerenciales,Mtro. José María Muñoz Hernández,4,
pagina_09,7mo B DSM Vespertino,7,B,general,7B DGS,Vespertino,Martes,20:00-20:50,HAG-7B-TIID-A3,HAG,A3,clase,Habilidades Gerenciales,Mtro. José María Muñoz Hernández,4,
pagina_09,7mo B DSM Vespertino,7,B,general,7B DGS,Vespertino,Miércoles,20:00-20:50,OPT-7B-TIID-LAB.CON,OPT,LAB.CON,clase,Optativa I (Bases de Datos en la Nube),Mtro. José Miguel Carrera Pacheco,6,
pagina_10,7mo C DSM Vespertino,7,C,general,7B DGS,Vespertino,Lunes,13:20-14:10,ETI-7C-DGS-A1,ETI,A1,clase,Ética y Legislación en Tecnologías de la Información,Dr. Octavio Sánchez Delgado,4,
pagina_10,7mo C DSM Vespertino,7,C,general,7B DGS,Vespertino,Miércoles,13:20-14:10,ETI-7C-DGS-A1,ETI,A1,clase,Ética y Legislación en Tecnologías de la Información,Dr. Octavio Sánchez Delgado,4,
pagina_10,7mo C DSM Vespertino,7,C,general,7B DGS,Vespertino,Lunes,14:10-15:00,OPT-7C-DGS-LAB.CON,OPT,LAB.CON,clase,Optativa I (Bases de Datos en la Nube),Mtro. Luis Roberto Bravo Torrescano,6,
pagina_10,7mo C DSM Vespertino,7,C,general,7B DGS,Vespertino,Martes,14:10-15:00,FIA-7C-DGS-A4,FIA,A4,clase,Fundamentos de Inteligencia Artificial,Dr. Julio César Alfaro Herrera,6,
pagina_10,7mo C DSM Vespertino,7,C,general,7B DGS,Vespertino,Miércoles,14:10-15:00,FPT-7C-DGS-A4,FPT,A4,clase,Formulación de Proyectos de Tecnología,Mtro. Luis Roberto Bravo Torrescano,4,
pagina_10,7mo C DSM Vespertino,7,C,general,7B DGS,Vespertino,Jueves,14:10-15:00,OPT-7C-DGS-A4,OPT,A4,clase,Optativa I (Bases de Datos en la Nube),Mtro. Luis Roberto Bravo Torrescano,6,
pagina_10,7mo C DSM Vespertino,7,C,general,7B DGS,Vespertino,Viernes,14:10-15:00,SEI-7C-DGS-A4,SEI,A4,clase,Seguridad Informática,Dr. Octavio Sánchez Delgado,6,
pagina_10,7mo C DSM Vespertino,7,C,general,7B DGS,Vespertino,Lunes,15:00-15:50,OPT-7C-DGS-LAB.CON,OPT,LAB.CON,clase,Optativa I (Bases de Datos en la Nube),Mtro. Luis Roberto Bravo Torrescano,6,
pagina_10,7mo C DSM Vespertino,7,C,general,7B DGS,Vespertino,Martes,15:00-15:50,FIA-7C-DGS-A4,FIA,A4,clase,Fundamentos de Inteligencia Artificial,Dr. Julio César Alfaro Herrera,6,
pagina_10,7mo C DSM Vespertino,7,C,general,7B DGS,Vespertino,Miércoles,15:00-15:50,FIA-7C-DGS-LAB.CON,FIA,LAB.CON,clase,Fundamentos de Inteligencia Artificial,Dr. Julio César Alfaro Herrera,6,
pagina_10,7mo C DSM Vespertino,7,C,general,7B DGS,Vespertino,Jueves,15:00-15:50,OPT-7C-DGS-A4,OPT,A4,clase,Optativa I (Bases de Datos en la Nube),Mtro. Luis Roberto Bravo Torrescano,6,
pagina_10,7mo C DSM Vespertino,7,C,general,7B DGS,Vespertino,Viernes,15:00-15:50,FPT-7C-DGS-A4,FPT,A4,clase,Formulación de Proyectos de Tecnología,Mtro. Luis Roberto Bravo Torrescano,4,
pagina_10,7mo C DSM Vespertino,7,C,general,7B DGS,Vespertino,Lunes,15:50-16:40,FIA-7C-DGS-LAB.CON,FIA,LAB.CON,clase,Fundamentos de Inteligencia Artificial,Dr. Julio César Alfaro Herrera,6,
pagina_10,7mo C DSM Vespertino,7,C,general,7B DGS,Vespertino,Martes,15:50-16:40,OPT-7C-DGS-A4,OPT,A4,clase,Optativa I (Bases de Datos en la Nube),Mtro. Luis Roberto Bravo Torrescano,6,
pagina_10,7mo C DSM Vespertino,7,C,general,7B DGS,Vespertino,Miércoles,15:50-16:40,FIA-7C-DGS-LAB.CON,FIA,LAB.CON,clase,Fundamentos de Inteligencia Artificial,Dr. Julio César Alfaro Herrera,6,
pagina_10,7mo C DSM Vespertino,7,C,general,7B DGS,Vespertino,Jueves,15:50-16:40,TUTORIA-7C-A4,TUTORIA,A4,tutoria,Tutoría,Mtro. Luis Roberto Bravo Torrescano,,
pagina_10,7mo C DSM Vespertino,7,C,general,7B DGS,Vespertino,Viernes,15:50-16:40,FPT-7C-DGS-A4,FPT,A4,clase,Formulación de Proyectos de Tecnología,Mtro. Luis Roberto Bravo Torrescano,4,
pagina_10,7mo C DSM Vespertino,7,C,general,7B DGS,Vespertino,Lunes,16:40-17:30,FIA-7C-DGS-LAB.CON,FIA,LAB.CON,clase,Fundamentos de Inteligencia Artificial,Dr. Julio César Alfaro Herrera,6,
pagina_10,7mo C DSM Vespertino,7,C,general,7B DGS,Vespertino,Martes,16:40-17:30,OPT-7C-DGS-A4,OPT,A4,clase,Optativa I (Bases de Datos en la Nube),Mtro. Luis Roberto Bravo Torrescano,6,
pagina_10,7mo C DSM Vespertino,7,C,general,7B DGS,Vespertino,Miércoles,16:40-17:30,IN6-7C-DGS-A1,IN6,A1,clase,Inglés VI,NUEVO DOCENTE,5,
pagina_10,7mo C DSM Vespertino,7,C,general,7B DGS,Vespertino,Jueves,16:40-17:30,IN6-7C-DGS-A3,IN6,A3,clase,Inglés VI,NUEVO DOCENTE,5,
pagina_10,7mo C DSM Vespertino,7,C,general,7B DGS,Vespertino,Lunes,17:30-18:20,IN6-7C-DGS-A4,IN6,A4,clase,Inglés VI,NUEVO DOCENTE,5,
pagina_10,7mo C DSM Vespertino,7,C,general,7B DGS,Vespertino,Martes,17:30-18:20,IN6-7C-DGS-A1,IN6,A1,clase,Inglés VI,NUEVO DOCENTE,5,
pagina_10,7mo C DSM Vespertino,7,C,general,7B DGS,Vespertino,Miércoles,17:30-18:20,SEI-7C-DGS-LAB.TI,SEI,LAB.TI,clase,Seguridad Informática,Dr. Octavio Sánchez Delgado,6,
pagina_10,7mo C DSM Vespertino,7,C,general,7B DGS,Vespertino,Jueves,17:30-18:20,FPT-7C-DGS-A4,FPT,A4,clase,Formulación de Proyectos de Tecnología,Mtro. Luis Roberto Bravo Torrescano,4,
pagina_10,7mo C DSM Vespertino,7,C,general,7B DGS,Vespertino,Viernes,17:30-18:20,HAG-7C-DGS-A4,HAG,A4,clase,Habilidades Gerenciales,Mtro. José María Muñoz Hernández,4,
pagina_10,7mo C DSM Vespertino,7,C,general,7B DGS,Vespertino,Lunes,18:20-19:10,IN6-7C-DGS-A4,IN6,A4,clase,Inglés VI,NUEVO DOCENTE,5,
pagina_10,7mo C DSM Vespertino,7,C,general,7B DGS,Vespertino,Martes,18:20-19:10,SEI-7C-DGS-LAB.TI,SEI,LAB.TI,clase,Seguridad Informática,Dr. Octavio Sánchez Delgado,6,
pagina_10,7mo C DSM Vespertino,7,C,general,7B DGS,Vespertino,Miércoles,18:20-19:10,SEI-7C-DGS-LAB.TI,SEI,LAB.TI,clase,Seguridad Informática,Dr. Octavio Sánchez Delgado,6,
pagina_10,7mo C DSM Vespertino,7,C,general,7B DGS,Vespertino,Jueves,18:20-19:10,ETI-7C-DGS-A4,ETI,A4,clase,Ética y Legislación en Tecnologías de la Información,Dr. Octavio Sánchez Delgado,4,
pagina_10,7mo C DSM Vespertino,7,C,general,7B DGS,Vespertino,Viernes,18:20-19:10,HAG-7C-DGS-A4,HAG,A4,clase,Habilidades Gerenciales,Mtro. José María Muñoz Hernández,4,
pagina_10,7mo C DSM Vespertino,7,C,general,7B DGS,Vespertino,Lunes,19:10-20:00,SEI-7C-DGS-LAB.TI,SEI,LAB.TI,clase,Seguridad Informática,Dr. Octavio Sánchez Delgado,6,
pagina_10,7mo C DSM Vespertino,7,C,general,7B DGS,Vespertino,Martes,19:10-20:00,SEI-7C-DGS-LAB.TI,SEI,LAB.TI,clase,Seguridad Informática,Dr. Octavio Sánchez Delgado,6,
pagina_10,7mo C DSM Vespertino,7,C,general,7B DGS,Vespertino,Miércoles,19:10-20:00,HAG-7C-DGS-A2,HAG,A2,clase,Habilidades Gerenciales,Mtro. José María Muñoz Hernández,4,
pagina_10,7mo C DSM Vespertino,7,C,general,7B DGS,Vespertino,Jueves,19:10-20:00,ETI-7C-DGS-A4,ETI,A4,clase,Ética y Legislación en Tecnologías de la Información,Dr. Octavio Sánchez Delgado,4,
pagina_10,7mo C DSM Vespertino,7,C,general,7B DGS,Vespertino,Miércoles,20:00-20:50,HAG-7C-DGS-A2,HAG,A2,clase,Habilidades Gerenciales,Mtro. José María Muñoz Hernández,4,
pagina_11,10mo A DSM Vespertino,10,A,software,10A DGS,Vespertino,Lunes,14:10-15:00,IN9-10A-DGS-A3,IN9,A3,clase,Inglés IX,Mtra. Adriana Patricia Quizamán Olguín,4,
pagina_11,10mo A DSM Vespertino,10,A,software,10A DGS,Vespertino,Martes,14:10-15:00,AWP-10A-DGS-A3,AWP,A3,clase,Aplicaciones Web Progresivas,Mtro. José Miguel Carrera Pacheco,3,
pagina_11,10mo A DSM Vespertino,10,A,software,10A DGS,Vespertino,Miércoles,14:10-15:00,IN9-10A-DGS-A3,IN9,A3,clase,Inglés IX,Mtra. Adriana Patricia Quizamán Olguín,4,
pagina_11,10mo A DSM Vespertino,10,A,software,10A DGS,Vespertino,Jueves,14:10-15:00,IN9-10A-DGS-A3,IN9,A3,clase,Inglés IX,Mtra. Adriana Patricia Quizamán Olguín,4,
pagina_11,10mo A DSM Vespertino,10,A,software,10A DGS,Vespertino,Viernes,14:10-15:00,IN9-10A-DGS-A3,IN9,A3,clase,Inglés IX,Mtra. Adriana Patricia Quizamán Olguín,4,
pagina_11,10mo A DSM Vespertino,10,A,software,10A DGS,Vespertino,Lunes,15:00-15:50,AWP-10A-DGS-A3,AWP,A3,clase,Aplicaciones Web Progresivas,Mtro. José Miguel Carrera Pacheco,3,
pagina_11,10mo A DSM Vespertino,10,A,software,10A DGS,Vespertino,Martes,15:00-15:50,AWP-10A-DGS-A3,AWP,A3,clase,Aplicaciones Web Progresivas,Mtro. José Miguel Carrera Pacheco,3,
pagina_11,10mo A DSM Vespertino,10,A,software,10A DGS,Vespertino,Miércoles,15:00-15:50,IT2-10A-DGS-A3,IT2,A3,clase,Integradora,Mtra. Julieta Edith Hernández Guzmán,2,
pagina_11,10mo A DSM Vespertino,10,A,software,10A DGS,Vespertino,Jueves,15:00-15:50,GPS-10A-DGS-A3,GPS,A3,clase,Gestión de Procesos de Desarrollo de Software,Mtra. Julieta Edith Hernández Guzmán,4,
pagina_11,10mo A DSM Vespertino,10,A,software,10A DGS,Vespertino,Viernes,15:00-15:50,GPS-10A-DGS-A3,GPS,A3,clase,Gestión de Procesos de Desarrollo de Software,Mtra. Julieta Edith Hernández Guzmán,4,
pagina_11,10mo A DSM Vespertino,10,A,software,10A DGS,Vespertino,Lunes,15:50-16:40,IT2-10A-DGS-A3,IT2,A3,clase,Integradora,Mtra. Julieta Edith Hernández Guzmán,2,
pagina_11,10mo A DSM Vespertino,10,A,software,10A DGS,Vespertino,Martes,15:50-16:40,DMI-10A-DGS-A3,DMI,A3,clase,Desarrollo Móvil Integral,Mtro. José Miguel Carrera Pacheco,6,
pagina_11,10mo A DSM Vespertino,10,A,software,10A DGS,Vespertino,Miércoles,15:50-16:40,OP1-10A-DGS-A3,OP1,A3,clase,Creación de Videojuegos,Dr. Héctor Bernardo Ortega Ginés,4,
pagina_11,10mo A DSM Vespertino,10,A,software,10A DGS,Vespertino,Jueves,15:50-16:40,GPS-10A-DGS-A3,GPS,A3,clase,Gestión de Procesos de Desarrollo de Software,Mtra. Julieta Edith Hernández Guzmán,4,
pagina_11,10mo A DSM Vespertino,10,A,software,10A DGS,Vespertino,Viernes,15:50-16:40,GPS-10A-DGS-A3,GPS,A3,clase,Gestión de Procesos de Desarrollo de Software,Mtra. Julieta Edith Hernández Guzmán,4,
pagina_11,10mo A DSM Vespertino,10,A,software,10A DGS,Vespertino,Lunes,16:40-17:30,OP1-10A-DGS-A3,OP1,A3,clase,Creación de Videojuegos,Dr. Héctor Bernardo Ortega Ginés,4,
pagina_11,10mo A DSM Vespertino,10,A,software,10A DGS,Vespertino,Martes,16:40-17:30,DMI-10A-DGS-A3,DMI,A3,clase,Desarrollo Móvil Integral,Mtro. José Miguel Carrera Pacheco,6,
pagina_11,10mo A DSM Vespertino,10,A,software,10A DGS,Vespertino,Miércoles,16:40-17:30,OP1-10A-DGS-A3,OP1,A3,clase,Creación de Videojuegos,Dr. Héctor Bernardo Ortega Ginés,4,
pagina_11,10mo A DSM Vespertino,10,A,software,10A DGS,Vespertino,Viernes,16:40-17:30,TUTORÍA-10A-DGS-A2,TUTORÍA,A2,tutoria,Tutoría,Dr. Héctor Bernardo Ortega Ginés,,
pagina_11,10mo A DSM Vespertino,10,A,software,10A DGS,Vespertino,Lunes,17:30-18:20,OP1-10A-DGS-A3,OP1,A3,clase,Creación de Videojuegos,Dr. Héctor Bernardo Ortega Ginés,4,
pagina_11,10mo A DSM Vespertino,10,A,software,10A DGS,Vespertino,Miércoles,17:30-18:20,DMI-10A-DGS-LAB.CON,DMI,LAB.CON,clase,Desarrollo Móvil Integral,Mtro. José Miguel Carrera Pacheco,6,
pagina_11,10mo A DSM Vespertino,10,A,software,10A DGS,Vespertino,Jueves,17:30-18:20,DMI-10A-DGS-A2,DMI,A2,clase,Desarrollo Móvil Integral,Mtro. José Miguel Carrera Pacheco,6,
pagina_11,10mo A DSM Vespertino,10,A,software,10A DGS,Vespertino,Lunes,18:20-19:10,NEE-10A-DGS-A1,NEE,A1,clase,Negociación Empresarial,Mtro. José María Muñoz Hernández,2,
pagina_11,10mo A DSM Vespertino,10,A,software,10A DGS,Vespertino,Martes,18:20-19:10,NEE-10A-DGS-A3,NEE,A3,clase,Negociación Empresarial,Mtro. José María Muñoz Hernández,2,
pagina_11,10mo A DSM Vespertino,10,A,software,10A DGS,Vespertino,Miércoles,18:20-19:10,DMI-10A-DGS-LAB.CON,DMI,LAB.CON,clase,Desarrollo Móvil Integral,Mtro. José Miguel Carrera Pacheco,6,
pagina_11,10mo A DSM Vespertino,10,A,software,10A DGS,Vespertino,Jueves,18:20-19:10,DMI-10A-DGS-A2,DMI,A2,clase,Desarrollo Móvil Integral,Mtro. José Miguel Carrera Pacheco,6,
pagina_12,10mo B DSM Vespertino,10,B,software,10 B DGS,Vespertino,Jueves,13:20-14:10,IT2-10B-DGS-A4,IT2,A4,clase,Integradora,Mtra. Julieta Edith Hernández Guzmán,2,
pagina_12,10mo B DSM Vespertino,10,B,software,10 B DGS,Vespertino,Lunes,14:10-15:00,GPS-10B-DGS-A2,GPS,A2,clase,Gestión de Procesos de Desarrollo de Software,Mtra. Julieta Edith Hernández Guzmán,4,
pagina_12,10mo B DSM Vespertino,10,B,software,10 B DGS,Vespertino,Martes,14:10-15:00,TUTORÍA-10B-DGS-A2,TUTORÍA,A2,tutoria,Tutoría,Mtra. Julieta Edith Hernández Guzmán,,
pagina_12,10mo B DSM Vespertino,10,B,software,10 B DGS,Vespertino,Miércoles,14:10-15:00,DMI-10B-DGS-A2,DMI,A2,clase,Desarrollo Móvil Integral,Mtro. José Miguel Carrera Pacheco,6,
pagina_12,10mo B DSM Vespertino,10,B,software,10 B DGS,Vespertino,Jueves,14:10-15:00,OP1-10B-DGS-A2,OP1,A2,clase,Creación de Videojuegos,Dr. Héctor Bernardo Ortega Ginés,4,
pagina_12,10mo B DSM Vespertino,10,B,software,10 B DGS,Vespertino,Viernes,14:10-15:00,IT2-10B-DGS-A4,IT2,A4,clase,Integradora,Mtra. Julieta Edith Hernández Guzmán,2,
pagina_12,10mo B DSM Vespertino,10,B,software,10 B DGS,Vespertino,Lunes,15:00-15:50,GPS-10B-DGS-A2,GPS,A2,clase,Gestión de Procesos de Desarrollo de Software,Mtra. Julieta Edith Hernández Guzmán,4,
pagina_12,10mo B DSM Vespertino,10,B,software,10 B DGS,Vespertino,Martes,15:00-15:50,GPS-10B-DGS-A2,GPS,A2,clase,Gestión de Procesos de Desarrollo de Software,Mtra. Julieta Edith Hernández Guzmán,4,
pagina_12,10mo B DSM Vespertino,10,B,software,10 B DGS,Vespertino,Miércoles,15:00-15:50,DMI-10B-DGS-A2,DMI,A2,clase,Desarrollo Móvil Integral,Mtro. José Miguel Carrera Pacheco,6,
pagina_12,10mo B DSM Vespertino,10,B,software,10 B DGS,Vespertino,Jueves,15:00-15:50,OP1-10B-DGS-A2,OP1,A2,clase,Creación de Videojuegos,Dr. Héctor Bernardo Ortega Ginés,4,
pagina_12,10mo B DSM Vespertino,10,B,software,10 B DGS,Vespertino,Viernes,15:00-15:50,OP1-10B-DGS-A2,OP1,A2,clase,Creación de Videojuegos,Dr. Héctor Bernardo Ortega Ginés,4,
pagina_12,10mo B DSM Vespertino,10,B,software,10 B DGS,Vespertino,Lunes,15:50-16:40,DMI-10B-DGS-A2,DMI,A2,clase,Desarrollo Móvil Integral,Mtro. José Miguel Carrera Pacheco,6,
pagina_12,10mo B DSM Vespertino,10,B,software,10 B DGS,Vespertino,Martes,15:50-16:40,GPS-10B-DGS-A2,GPS,A2,clase,Gestión de Procesos de Desarrollo de Software,Mtra. Julieta Edith Hernández Guzmán,4,
pagina_12,10mo B DSM Vespertino,10,B,software,10 B DGS,Vespertino,Miércoles,15:50-16:40,AWP-10B-DGS-A2,AWP,A2,clase,Aplicaciones Web Progresivas,Mtro. José Miguel Carrera Pacheco,3,
pagina_12,10mo B DSM Vespertino,10,B,software,10 B DGS,Vespertino,Jueves,15:50-16:40,DMI-10B-DGS-A2,DMI,A2,clase,Desarrollo Móvil Integral,Mtro. José Miguel Carrera Pacheco,6,
pagina_12,10mo B DSM Vespertino,10,B,software,10 B DGS,Vespertino,Viernes,15:50-16:40,OP1-10B-DGS-A2,OP1,A2,clase,Creación de Videojuegos,Dr. Héctor Bernardo Ortega Ginés,4,
pagina_12,10mo B DSM Vespertino,10,B,software,10 B DGS,Vespertino,Lunes,16:40-17:30,DMI-10B-DGS-A2,DMI,A2,clase,Desarrollo Móvil Integral,Mtro. José Miguel Carrera Pacheco,6,
pagina_12,10mo B DSM Vespertino,10,B,software,10 B DGS,Vespertino,Miércoles,16:40-17:30,NEE-10B-DGS-A2,NEE,A2,clase,Negociación Empresarial,Mtro. José María Muñoz Hernández,2,
pagina_12,10mo B DSM Vespertino,10,B,software,10 B DGS,Vespertino,Jueves,16:40-17:30,DMI-10B-DGS-A2,DMI,A2,clase,Desarrollo Móvil Integral,Mtro. José Miguel Carrera Pacheco,6,
pagina_12,10mo B DSM Vespertino,10,B,software,10 B DGS,Vespertino,Viernes,16:40-17:30,NEE-10B-DGS-A4,NEE,A4,clase,Negociación Empresarial,Mtro. José María Muñoz Hernández,2,
pagina_12,10mo B DSM Vespertino,10,B,software,10 B DGS,Vespertino,Lunes,17:30-18:20,AWP-10B-DGS-A2,AWP,A2,clase,Aplicaciones Web Progresivas,Mtro. José Miguel Carrera Pacheco,3,
pagina_12,10mo B DSM Vespertino,10,B,software,10 B DGS,Vespertino,Martes,17:30-18:20,IN9-10B-DGS-A2,IN9,A2,clase,Inglés IX,Mtra. Yuvanelly López Aguilar,4,
pagina_12,10mo B DSM Vespertino,10,B,software,10 B DGS,Vespertino,Miércoles,17:30-18:20,IN9-10B-DGS-A4,IN9,A4,clase,Inglés IX,Mtra. Yuvanelly López Aguilar,4,
pagina_12,10mo B DSM Vespertino,10,B,software,10 B DGS,Vespertino,Lunes,18:20-19:10,AWP-10B-DGS-A2,AWP,A2,clase,Aplicaciones Web Progresivas,Mtro. José Miguel Carrera Pacheco,3,
pagina_12,10mo B DSM Vespertino,10,B,software,10 B DGS,Vespertino,Martes,18:20-19:10,IN9-10B-DGS-A2,IN9,A2,clase,Inglés IX,Mtra. Yuvanelly López Aguilar,4,
pagina_12,10mo B DSM Vespertino,10,B,software,10 B DGS,Vespertino,Miércoles,18:20-19:10,IN9-10B-DGS-A4,IN9,A4,clase,Inglés IX,Mtra. Yuvanelly López Aguilar,4,
pagina_13,10mo A IRD Vespertino,10,A,redes,10 A RIC,Vespertino,Jueves,13:20-14:10,TUTORIA-10A-RIC-A1,TUTORIA,A1,tutoria,Tutoría,Dr. Octavio Sánchez Delgado,,
pagina_13,10mo A IRD Vespertino,10,A,redes,10 A RIC,Vespertino,Lunes,14:10-15:00,INF-10A-RIC-LAB.TI,INF,LAB.TI,clase,Informática Forense,Dr. Octavio Sánchez Delgado,5,
pagina_13,10mo A IRD Vespertino,10,A,redes,10 A RIC,Vespertino,Martes,14:10-15:00,ARE-10A-RIC-LAB.TI,ARE,LAB.TI,clase,Administración de Redes Empresariales,Mtro. Luis Roberto Bravo Torrescano,7,
pagina_13,10mo A IRD Vespertino,10,A,redes,10 A RIC,Vespertino,Miércoles,14:10-15:00,AID-10A-RIC-LAB.CON,AID,LAB.CON,clase,Automatización de Infraestructura Digital II,Dr. Octavio Sánchez Delgado,5,
pagina_13,10mo A IRD Vespertino,10,A,redes,10 A RIC,Vespertino,Jueves,14:10-15:00,AID-10A-RIC-LAB.TI,AID,LAB.TI,clase,Automatización de Infraestructura Digital II,Dr. Octavio Sánchez Delgado,5,
pagina_13,10mo A IRD Vespertino,10,A,redes,10 A RIC,Vespertino,Lunes,15:00-15:50,INF-10A-RIC-LAB.TI,INF,LAB.TI,clase,Informática Forense,Dr. Octavio Sánchez Delgado,5,
pagina_13,10mo A IRD Vespertino,10,A,redes,10 A RIC,Vespertino,Martes,15:00-15:50,ARE-10A-RIC-LAB.TI,ARE,LAB.TI,clase,Administración de Redes Empresariales,Mtro. Luis Roberto Bravo Torrescano,7,
pagina_13,10mo A IRD Vespertino,10,A,redes,10 A RIC,Vespertino,Miércoles,15:00-15:50,IT2-10A-RIC-A4,IT2,A4,clase,Integradora,Dra. Yedid Curioca Varela,2,
pagina_13,10mo A IRD Vespertino,10,A,redes,10 A RIC,Vespertino,Jueves,15:00-15:50,AID-10A-RIC-LAB.TI,AID,LAB.TI,clase,Automatización de Infraestructura Digital II,Dr. Octavio Sánchez Delgado,5,
pagina_13,10mo A IRD Vespertino,10,A,redes,10 A RIC,Vespertino,Viernes,15:00-15:50,AID-10A-RIC-A1,AID,A1,clase,Automatización de Infraestructura Digital II,Dr. Octavio Sánchez Delgado,5,
pagina_13,10mo A IRD Vespertino,10,A,redes,10 A RIC,Vespertino,Lunes,15:50-16:40,INF-10A-RIC-LAB.TI,INF,LAB.TI,clase,Informática Forense,Dr. Octavio Sánchez Delgado,5,
pagina_13,10mo A IRD Vespertino,10,A,redes,10 A RIC,Vespertino,Martes,15:50-16:40,INF-10A-RIC-A1,INF,A1,clase,Informática Forense,Dr. Octavio Sánchez Delgado,5,
pagina_13,10mo A IRD Vespertino,10,A,redes,10 A RIC,Vespertino,Miércoles,15:50-16:40,ARE-10A-RIC-LAB.TI,ARE,LAB.TI,clase,Administración de Redes Empresariales,Mtro. Luis Roberto Bravo Torrescano,7,
pagina_13,10mo A IRD Vespertino,10,A,redes,10 A RIC,Vespertino,Jueves,15:50-16:40,AID-10A-RIC-A1,AID,A1,clase,Automatización de Infraestructura Digital II,Dr. Octavio Sánchez Delgado,5,
pagina_13,10mo A IRD Vespertino,10,A,redes,10 A RIC,Vespertino,Viernes,15:50-16:40,IT2-10A-RIC-A1,IT2,A1,clase,Integradora,Dra. Yedid Curioca Varela,2,
pagina_13,10mo A IRD Vespertino,10,A,redes,10 A RIC,Vespertino,Lunes,16:40-17:30,ARE-10A-RIC-LAB.TI,ARE,LAB.TI,clase,Administración de Redes Empresariales,Mtro. Luis Roberto Bravo Torrescano,7,
pagina_13,10mo A IRD Vespertino,10,A,redes,10 A RIC,Vespertino,Martes,16:40-17:30,INF-10A-RIC-A1,INF,A1,clase,Informática Forense,Dr. Octavio Sánchez Delgado,5,
pagina_13,10mo A IRD Vespertino,10,A,redes,10 A RIC,Vespertino,Miércoles,16:40-17:30,ARE-10A-RIC-LAB.TI,ARE,LAB.TI,clase,Administración de Redes Empresariales,Mtro. Luis Roberto Bravo Torrescano,7,
pagina_13,10mo A IRD Vespertino,10,A,redes,10 A RIC,Vespertino,Jueves,16:40-17:30,ARE-10A-RIC-A4,ARE,A4,clase,Administración de Redes Empresariales,Mtro. Luis Roberto Bravo Torrescano,7,
pagina_13,10mo A IRD Vespertino,10,A,redes,10 A RIC,Vespertino,Viernes,16:40-17:30,ARE-10A-RIC-A1,ARE,A1,clase,Administración de Redes Empresariales,Mtro. Luis Roberto Bravo Torrescano,7,
pagina_13,10mo A IRD Vespertino,10,A,redes,10 A RIC,Vespertino,Lunes,17:30-18:20,NEE-10A-RIC-A1,NEE,A1,clase,Negociación Empresarial,Mtro. José María Muñoz Hernández,2,
pagina_13,10mo A IRD Vespertino,10,A,redes,10 A RIC,Vespertino,Martes,17:30-18:20,NEE-10A-RIC-A3,NEE,A3,clase,Negociación Empresarial,Mtro. José María Muñoz Hernández,2,
pagina_13,10mo A IRD Vespertino,10,A,redes,10 A RIC,Vespertino,Jueves,17:30-18:20,IN9-10A-RIC-A1,IN9,A1,clase,Inglés IX,Mtra. Yuvanelly López Aguilar,4,
pagina_13,10mo A IRD Vespertino,10,A,redes,10 A RIC,Vespertino,Viernes,17:30-18:20,IN9-10A-RIC-A1,IN9,A1,clase,Inglés IX,Mtra. Yuvanelly López Aguilar,4,
pagina_13,10mo A IRD Vespertino,10,A,redes,10 A RIC,Vespertino,Jueves,18:20-19:10,IN9-10A-RIC-A1,IN9,A1,clase,Inglés IX,Mtra. Yuvanelly López Aguilar,4,
pagina_13,10mo A IRD Vespertino,10,A,redes,10 A RIC,Vespertino,Viernes,18:20-19:10,IN9-10A-RIC-A1,IN9,A1,clase,Inglés IX,Mtra. Yuvanelly López Aguilar,4,
